signal_date,selected,top5_5d_avg_pct,top5_5d_median_pct,top5_5d_win_rate_pct,top5_10d_avg_pct,top5_10d_median_pct,top5_10d_win_rate_pct,top5_20d_avg_pct,top5_20d_median_pct,top5_20d_win_rate_pct,top10_5d_avg_pct,top10_5d_median_pct,top10_5d_win_rate_pct,top10_10d_avg_pct,top10_10d_median_pct,top10_10d_win_rate_pct,top10_20d_avg_pct,top10_20d_median_pct,top10_20d_win_rate_pct,top50_5d_avg_pct,top50_5d_median_pct,top50_5d_win_rate_pct,top50_10d_avg_pct,top50_10d_median_pct,top50_10d_win_rate_pct,top50_20d_avg_pct,top50_20d_median_pct,top50_20d_win_rate_pct
2025-06-06,50,-1.96,-1.11,20.0,-7.76,-8.55,20.0,-10.34,-8.31,0.0,-0.17,-0.98,30.0,-4.42,-3.86,20.0,-5.45,-7.34,20.0,-0.24,-0.99,40.0,-2.56,-2.73,32.0,-1.5,-2.09,36.0
2025-06-09,50,-5.96,-5.26,20.0,-10.11,-8.89,0.0,-10.72,-7.62,0.0,-3.02,-1.26,30.0,-5.92,-5.87,20.0,-8.43,-7.13,10.0,0.18,-0.52,44.0,-2.36,-2.5,28.0,-1.84,-2.08,36.0
2025-06-10,50,-4.76,-1.51,20.0,-7.09,-2.07,20.0,-9.33,-9.18,20.0,-2.39,-1.23,30.0,-3.87,-1.19,30.0,-7.47,-6.85,20.0,-1.56,-1.27,30.0,-1.21,-1.56,34.0,-2.66,-4.17,26.0
2025-06-11,50,-3.72,-3.96,40.0,-7.22,-6.29,20.0,-9.62,-11.66,20.0,-1.45,-0.22,50.0,-4.76,-1.52,30.0,-8.09,-6.76,10.0,-1.47,-1.01,32.0,-2.63,-2.35,30.0,-4.29,-4.69,20.0
2025-06-12,50,-2.27,-3.1,40.0,-3.2,-1.84,40.0,-6.36,-5.81,20.0,-3.97,-3.21,20.0,-4.16,-1.45,30.0,-7.68,-6.31,10.0,-2.97,-2.82,14.0,-2.24,-1.51,30.0,-4.5,-5.31,24.0
2025-06-13,50,-1.95,-1.2,40.0,-1.57,1.57,60.0,-5.06,-6.02,20.0,-2.24,-1.01,40.0,-1.34,1.43,60.0,-3.98,-5.05,20.0,-2.27,-1.92,24.0,-0.08,0.41,52.0,-1.76,-2.47,34.0
2025-06-16,50,-1.68,-3.0,40.0,-3.89,-2.75,20.0,-6.33,-7.89,20.0,-0.78,-2.7,30.0,-2.48,-2.49,20.0,-4.2,-7.17,30.0,-2.48,-2.95,18.0,-1.58,-1.79,34.0,-3.18,-4.88,30.0
2025-06-17,50,-2.27,-1.74,20.0,-5.42,-4.26,20.0,-5.75,-8.27,20.0,1.51,0.42,50.0,-2.29,-3.02,40.0,-2.43,-2.27,40.0,-0.02,-0.3,40.0,-0.86,-0.85,38.0,-2.26,-3.06,34.0
2025-06-18,50,-4.13,-4.74,0.0,-6.68,-7.24,0.0,-7.59,-10.4,20.0,-2.18,-1.27,10.0,-4.66,-3.62,0.0,-4.72,-4.66,20.0,-0.82,-0.93,30.0,-1.55,-1.46,34.0,-2.25,-2.11,36.0
2025-06-19,50,-1.14,-1.74,20.0,-2.47,-1.33,20.0,-2.06,-1.81,20.0,-0.43,-0.88,40.0,-2.73,-1.61,20.0,-1.49,-3.01,30.0,0.91,0.52,58.0,0.32,0.29,52.0,3.14,2.48,58.0
2025-06-20,50,3.05,0.64,80.0,-2.7,-2.68,20.0,0.35,3.84,60.0,3.36,2.66,90.0,-1.3,-0.69,30.0,1.49,4.05,60.0,2.46,1.92,80.0,-0.33,-0.28,44.0,4.03,3.96,62.0
2025-06-23,50,-0.66,0.49,60.0,-3.79,-4.81,20.0,1.36,5.77,60.0,0.14,0.17,50.0,-3.29,-3.52,10.0,0.89,1.0,50.0,0.77,0.58,52.0,-1.45,-2.2,34.0,3.67,3.78,64.0
2025-06-24,50,-0.62,-1.26,40.0,-6.27,-9.05,0.0,-1.88,-2.65,40.0,-0.63,-1.52,40.0,-5.81,-7.11,10.0,-0.66,-1.76,40.0,-1.6,-1.72,32.0,-5.3,-5.33,12.0,-2.08,-2.73,38.0
2025-06-25,50,-2.82,-1.8,0.0,-6.52,-7.53,0.0,0.47,-0.21,40.0,-2.1,-2.04,10.0,-6.49,-7.13,0.0,-1.7,-2.85,20.0,-1.4,-1.19,22.0,-3.61,-3.75,22.0,0.08,-1.04,42.0
2025-06-26,50,-0.63,-0.92,40.0,-3.95,-3.86,20.0,-0.78,-5.37,40.0,-1.15,-1.15,30.0,-5.16,-5.48,10.0,-2.12,-5.19,40.0,0.04,-0.21,38.0,-1.64,-3.0,30.0,1.45,-0.06,50.0
2025-06-27,50,-3.67,-4.02,0.0,-2.32,-4.46,20.0,-0.82,-2.0,20.0,-2.74,-2.77,10.0,-2.35,-4.49,30.0,-1.65,-3.0,30.0,-2.35,-2.21,10.0,-1.93,-2.55,34.0,-0.12,-1.78,36.0
2025-06-30,50,-3.63,-4.25,20.0,-1.0,-5.43,40.0,2.77,6.96,60.0,-3.97,-3.95,10.0,-3.93,-5.49,20.0,-1.05,-2.87,30.0,-2.9,-2.83,16.0,-2.83,-3.95,22.0,1.51,-0.59,46.0
2025-07-01,50,-2.64,-1.87,40.0,-2.11,-5.88,40.0,-2.52,-7.22,40.0,-2.77,-2.11,20.0,-0.66,-3.34,30.0,-2.08,-5.12,30.0,-3.78,-3.82,8.0,-1.4,-2.18,26.0,-0.39,-1.81,40.0
2025-07-02,50,-2.9,-4.55,40.0,-2.22,-5.57,40.0,-3.62,-4.13,40.0,-3.31,-4.11,20.0,-0.75,-2.21,30.0,-2.16,-2.67,40.0,-1.37,-1.56,26.0,-0.14,-0.55,38.0,-0.31,-1.41,42.0
2025-07-03,50,-4.15,-4.75,20.0,-3.18,-3.98,20.0,-5.2,-2.39,20.0,-3.37,-4.53,30.0,-2.69,-0.83,20.0,-5.06,-2.44,20.0,-2.08,-2.84,28.0,1.47,0.53,56.0,-0.05,-0.89,46.0
2025-07-04,50,-1.13,-0.34,40.0,-0.81,0.34,60.0,-7.27,-8.92,20.0,-0.63,-0.33,40.0,-0.32,0.49,60.0,-1.21,-0.09,50.0,1.82,0.86,54.0,4.95,2.85,78.0,7.64,3.9,64.0
2025-07-07,50,-2.42,-2.86,20.0,-1.34,2.48,60.0,-2.55,-6.45,40.0,-1.44,-0.84,30.0,-1.98,1.27,60.0,-0.71,-0.23,50.0,0.21,-0.58,42.0,4.22,2.36,76.0,9.52,5.35,76.0
2025-07-08,50,-0.49,1.87,60.0,-1.91,1.89,60.0,0.83,1.7,60.0,-1.04,0.7,50.0,-2.89,-3.62,40.0,0.28,1.18,60.0,2.49,1.61,70.0,2.06,0.43,54.0,8.45,6.23,74.0
2025-07-09,50,-0.31,1.47,80.0,-3.88,-1.71,40.0,-2.39,0.77,60.0,1.33,1.2,90.0,-1.16,0.44,50.0,1.7,2.87,60.0,1.32,1.29,74.0,0.97,0.94,58.0,4.91,3.96,72.0
2025-07-10,50,-0.98,3.83,60.0,-5.76,-3.95,20.0,-1.36,6.12,60.0,0.51,2.85,70.0,1.07,0.78,50.0,5.0,6.17,60.0,2.5,2.62,68.0,2.37,2.08,64.0,7.31,6.36,72.0
2025-07-11,50,-1.54,-2.75,40.0,-4.99,-1.03,20.0,16.65,5.85,80.0,-1.05,-0.74,50.0,-2.79,-0.93,40.0,9.76,5.61,70.0,0.71,0.89,58.0,0.19,0.12,50.0,9.0,6.51,74.0
2025-07-14,50,-1.5,1.73,60.0,-2.35,1.25,60.0,-2.32,3.79,60.0,0.07,1.28,70.0,3.57,1.83,70.0,9.58,5.36,80.0,1.64,1.78,70.0,2.08,2.94,72.0,7.74,6.93,80.0
2025-07-15,50,-6.48,-5.98,0.0,-4.95,-2.66,20.0,0.82,1.33,80.0,-4.16,-2.81,20.0,-3.16,-0.4,50.0,2.3,1.6,70.0,-1.64,-1.89,26.0,0.81,0.48,58.0,8.25,5.14,74.0
2025-07-16,50,-3.27,-4.0,40.0,-0.52,-1.53,20.0,4.0,1.51,80.0,-1.45,-0.45,40.0,0.26,-1.43,40.0,6.07,3.08,70.0,-0.34,0.07,50.0,-0.51,-1.33,44.0,6.75,4.35,70.0
2025-07-17,50,-2.79,-2.15,20.0,-4.04,-6.14,20.0,10.29,2.18,100.0,-3.01,-1.08,30.0,-4.63,-3.88,20.0,4.7,1.28,70.0,-0.33,-0.07,44.0,-1.83,-2.69,34.0,8.13,2.83,68.0
2025-07-18,50,-6.85,-5.14,0.0,-2.24,-2.51,40.0,8.56,6.78,80.0,-3.43,-1.48,20.0,-3.26,-4.06,20.0,4.26,1.85,60.0,-1.11,-0.77,40.0,-0.81,-1.61,40.0,8.16,3.78,70.0
2025-07-21,50,-0.56,-1.09,20.0,5.3,5.55,80.0,11.81,5.44,80.0,-2.14,-1.38,10.0,0.1,-3.15,40.0,5.33,2.8,60.0,-0.5,-0.54,38.0,0.65,0.0,48.0,7.51,3.54,68.0
2025-07-22,50,0.88,-0.95,40.0,4.34,3.97,60.0,2.44,-0.45,40.0,-0.29,-0.98,40.0,2.54,-0.53,40.0,2.85,-0.01,50.0,2.13,0.92,62.0,2.99,2.41,60.0,8.12,4.25,66.0
2025-07-23,50,0.77,1.7,60.0,5.54,4.15,80.0,3.09,1.03,60.0,-1.92,-3.17,30.0,2.24,0.47,50.0,3.15,-2.04,40.0,-0.1,0.0,48.0,3.22,2.81,62.0,8.99,4.74,64.0
2025-07-24,50,-6.21,-7.34,0.0,-2.73,-3.43,20.0,-6.15,-6.22,20.0,-2.22,-3.0,30.0,2.53,0.21,50.0,2.08,-2.04,40.0,-1.26,-2.15,32.0,3.01,0.75,54.0,6.5,3.71,60.0
2025-07-25,50,3.85,1.14,60.0,19.73,8.91,80.0,31.26,5.83,80.0,2.59,1.12,60.0,10.7,4.32,60.0,20.9,4.0,70.0,1.54,0.9,64.0,5.12,1.92,54.0,11.16,6.02,70.0
2025-07-28,50,3.52,0.44,60.0,22.03,6.92,80.0,22.06,4.58,80.0,2.05,1.06,70.0,11.15,3.13,60.0,14.8,3.6,70.0,1.53,2.03,68.0,5.69,3.03,60.0,10.95,5.5,72.0
2025-07-29,50,7.58,1.16,60.0,22.19,5.73,80.0,22.3,4.85,100.0,5.39,2.12,70.0,14.96,3.83,70.0,16.49,3.27,80.0,1.97,1.21,76.0,5.61,2.44,62.0,10.67,6.54,78.0
2025-07-30,50,10.04,2.16,80.0,20.13,3.68,80.0,25.01,3.68,100.0,8.93,5.32,90.0,13.74,5.61,70.0,18.91,9.75,80.0,3.05,1.9,74.0,5.56,3.63,68.0,12.16,6.33,74.0
2025-07-31,50,14.69,9.27,80.0,34.91,16.29,100.0,38.88,14.33,60.0,14.46,8.32,80.0,29.59,11.39,100.0,34.77,16.52,80.0,4.83,2.83,70.0,10.73,6.65,78.0,19.02,10.17,78.0
2025-08-04,50,8.74,8.9,100.0,15.17,16.67,100.0,25.19,14.81,100.0,3.7,0.42,50.0,10.29,5.63,100.0,14.47,12.54,70.0,1.97,0.76,54.0,8.3,5.62,80.0,11.0,5.43,68.0
2025-08-05,50,7.25,6.78,100.0,17.53,13.92,100.0,22.58,14.45,100.0,2.4,0.38,60.0,8.87,6.65,70.0,9.72,5.82,60.0,1.89,0.27,54.0,5.84,2.97,66.0,7.13,1.99,58.0
2025-08-06,50,-0.18,3.45,60.0,7.76,12.84,60.0,16.92,14.91,60.0,2.27,3.9,60.0,5.75,4.98,70.0,10.2,6.02,70.0,2.43,2.16,66.0,2.64,1.21,56.0,8.83,4.21,60.0
2025-08-07,50,1.96,0.12,60.0,11.0,3.99,60.0,19.33,3.48,60.0,2.27,0.7,60.0,7.77,3.25,70.0,13.32,4.24,60.0,2.45,1.47,58.0,4.48,0.9,56.0,8.77,2.88,56.0
2025-08-08,50,3.84,2.67,100.0,8.9,-0.08,40.0,16.69,-0.36,40.0,3.92,2.35,90.0,4.27,0.37,50.0,7.49,-0.37,40.0,4.08,2.96,74.0,4.89,1.29,54.0,11.35,5.0,68.0
2025-08-11,50,5.98,3.52,80.0,7.65,5.83,100.0,8.66,2.16,80.0,2.07,2.08,70.0,2.01,2.21,70.0,3.52,1.35,70.0,4.74,3.25,66.0,5.7,2.59,62.0,9.02,3.03,62.0
2025-08-12,50,11.21,3.26,80.0,14.29,7.17,80.0,18.68,10.1,60.0,8.4,4.25,80.0,8.82,6.34,80.0,12.87,5.05,50.0,5.42,3.35,74.0,6.48,3.89,72.0,9.33,4.3,66.0
2025-08-13,50,-0.21,-3.36,20.0,12.09,3.43,60.0,10.42,-0.26,40.0,-0.25,-3.31,30.0,8.46,4.76,70.0,7.45,1.14,50.0,1.15,-1.08,42.0,7.84,3.81,66.0,7.5,1.97,60.0
2025-08-14,50,1.17,-2.6,40.0,17.91,6.59,80.0,8.92,10.13,60.0,0.27,-1.77,40.0,10.16,2.0,70.0,5.14,0.65,50.0,3.57,0.54,56.0,10.21,4.75,76.0,7.35,1.49,56.0
2025-08-15,50,0.25,-1.61,20.0,12.32,2.62,60.0,3.91,-1.82,40.0,-0.64,-2.37,20.0,6.35,0.93,50.0,0.79,-2.44,30.0,-2.06,-3.02,22.0,3.66,2.94,62.0,1.4,-0.42,46.0
2025-08-18,50,3.73,1.75,60.0,3.4,0.44,80.0,-0.38,-2.63,40.0,1.06,-0.78,50.0,0.45,-1.39,50.0,-3.19,-3.39,20.0,-0.1,-0.93,44.0,0.67,-1.12,38.0,0.71,-3.39,32.0
2025-08-19,50,-0.67,-0.13,40.0,-2.54,-0.43,40.0,-6.13,-3.5,0.0,0.61,1.35,60.0,-2.76,-1.5,30.0,-3.03,-4.84,10.0,0.84,0.88,60.0,-1.13,-1.38,34.0,2.5,-0.99,48.0
2025-08-20,50,1.98,2.99,80.0,-0.58,1.49,80.0,-2.31,-2.57,20.0,4.78,6.36,90.0,2.07,2.71,80.0,2.05,-2.17,40.0,4.13,4.37,84.0,3.17,1.75,66.0,5.76,0.92,58.0
2025-08-21,50,0.93,3.0,80.0,-2.33,-0.83,40.0,-2.95,-3.24,20.0,2.94,3.42,90.0,0.79,0.56,60.0,3.06,-3.06,30.0,3.19,2.65,68.0,-0.0,-0.32,46.0,2.6,0.37,54.0
2025-08-22,50,2.96,4.15,80.0,-1.3,-2.01,40.0,0.36,-0.88,40.0,3.87,3.61,90.0,1.71,2.18,70.0,6.92,4.87,60.0,4.62,3.74,84.0,3.05,2.36,66.0,6.85,5.27,76.0
2025-08-25,50,-1.82,-1.62,20.0,-0.07,0.81,60.0,7.66,1.21,80.0,-0.96,-1.19,30.0,1.17,0.71,60.0,12.37,9.19,80.0,2.11,-0.62,40.0,3.59,1.98,68.0,6.72,3.3,72.0
2025-08-26,50,-1.76,-0.73,0.0,1.03,0.73,60.0,14.63,8.2,80.0,4.29,-1.94,10.0,4.68,-0.14,40.0,14.62,7.51,80.0,-0.1,-1.69,22.0,1.93,-0.14,48.0,6.99,2.53,62.0
2025-08-27,50,-1.36,-0.84,20.0,-0.6,-0.58,40.0,6.37,-1.2,40.0,-0.05,-0.22,50.0,-0.24,-0.11,50.0,8.44,6.71,60.0,0.13,-0.84,40.0,0.44,-0.71,42.0,3.2,-0.9,46.0
2025-08-28,50,-1.96,-1.46,20.0,-4.2,-2.89,0.0,4.21,0.34,60.0,-2.2,-2.3,20.0,-3.79,-3.25,10.0,3.59,-0.47,50.0,-1.27,-1.71,28.0,-1.87,-3.0,30.0,2.09,-0.44,50.0
2025-08-29,50,0.43,-2.19,20.0,-1.27,-2.05,40.0,2.02,-2.43,40.0,-1.13,-2.3,10.0,-3.24,-3.79,20.0,-0.36,-2.34,40.0,-0.76,-1.42,32.0,-1.62,-2.33,30.0,-2.38,-4.22,34.0
2025-09-01,50,0.55,0.51,80.0,-2.27,-1.65,20.0,0.59,0.38,60.0,2.26,1.76,80.0,1.75,-1.65,30.0,6.19,1.94,70.0,2.34,0.99,64.0,0.56,-2.03,40.0,2.21,-0.17,50.0
2025-09-02,50,1.21,1.18,80.0,5.43,0.15,60.0,7.0,3.53,80.0,-0.51,0.33,60.0,0.78,-0.22,50.0,-0.89,-4.11,40.0,2.43,1.28,68.0,3.18,-0.06,50.0,2.38,-0.05,50.0
2025-09-03,50,-2.12,-2.68,20.0,3.33,0.14,60.0,3.6,-5.49,40.0,-1.86,-2.41,20.0,2.73,1.4,60.0,2.01,-0.13,50.0,1.68,0.4,50.0,2.82,-0.79,42.0,2.43,-2.12,40.0
2025-09-04,50,-0.91,-2.26,40.0,7.36,8.88,60.0,2.27,2.96,60.0,1.25,0.71,50.0,11.63,4.8,60.0,10.34,-0.02,50.0,-0.43,-1.4,36.0,5.56,1.91,62.0,5.3,0.1,50.0
2025-09-05,50,-0.17,1.79,60.0,8.87,13.4,60.0,9.5,13.4,60.0,-0.29,0.67,60.0,4.89,3.27,60.0,3.42,-1.1,50.0,-0.45,-0.6,48.0,5.27,3.16,66.0,6.1,-0.18,50.0
2025-09-08,50,2.44,0.0,40.0,8.24,7.51,80.0,6.73,1.23,60.0,2.87,-0.59,40.0,9.78,6.15,90.0,12.68,0.67,60.0,-1.71,-2.2,32.0,4.31,2.21,62.0,4.07,-1.58,42.0
2025-09-09,50,4.65,0.0,40.0,7.39,7.41,60.0,5.92,10.61,60.0,1.42,-1.52,30.0,6.08,0.32,50.0,8.95,-3.45,40.0,0.95,-1.04,44.0,4.1,2.74,58.0,6.66,0.53,52.0
2025-09-10,50,12.98,22.16,60.0,15.82,17.28,60.0,20.29,10.32,60.0,8.12,2.18,60.0,10.35,3.91,60.0,13.06,4.88,60.0,2.2,-0.36,48.0,4.49,1.6,58.0,6.38,1.8,56.0
2025-09-11,50,16.96,22.31,80.0,12.88,14.68,60.0,19.37,9.36,80.0,15.54,10.65,90.0,9.02,5.22,70.0,9.15,5.52,60.0,5.98,3.33,70.0,3.96,1.61,68.0,1.79,-0.54,46.0
2025-09-12,50,3.84,2.27,60.0,-1.47,-3.49,20.0,0.88,3.92,60.0,6.05,5.59,80.0,3.56,-2.63,40.0,4.9,3.29,60.0,5.97,3.01,78.0,3.01,-0.24,48.0,5.51,0.79,50.0
2025-09-15,50,6.04,4.06,100.0,3.79,0.41,60.0,4.29,6.29,80.0,3.94,2.84,80.0,1.48,0.36,60.0,0.74,1.3,60.0,4.55,3.29,68.0,3.37,0.88,56.0,4.82,1.11,54.0
2025-09-16,50,3.93,2.9,80.0,7.35,10.9,60.0,13.45,7.97,100.0,6.06,2.95,70.0,4.65,-0.7,40.0,6.03,5.12,60.0,3.27,2.3,62.0,2.05,-0.59,44.0,4.02,-0.33,50.0
2025-09-17,50,5.78,5.56,100.0,1.36,-1.67,40.0,5.98,7.25,60.0,2.35,3.12,70.0,0.79,-1.86,40.0,7.32,2.91,50.0,1.99,0.69,60.0,0.91,-2.08,42.0,4.05,-1.9,46.0
2025-09-18,50,0.1,0.68,60.0,-1.76,-1.46,40.0,-0.31,-1.42,40.0,-2.5,-1.29,30.0,-2.11,-1.55,30.0,-0.57,-2.4,40.0,-0.48,-1.18,36.0,-0.55,-2.62,34.0,3.32,-0.43,48.0
2025-09-19,50,-1.81,-2.88,20.0,-1.97,-0.94,40.0,0.03,0.96,60.0,-2.54,-3.35,20.0,-1.07,-0.84,40.0,-2.1,-1.68,40.0,-3.56,-3.73,16.0,0.01,-0.84,38.0,2.02,0.84,52.0
2025-09-22,50,-1.17,-0.53,20.0,-0.71,0.47,60.0,-1.12,-1.42,40.0,-1.89,-1.39,10.0,-1.47,-0.28,50.0,-0.77,-0.38,50.0,-1.47,-2.83,22.0,0.09,-0.89,42.0,1.61,-0.52,42.0
2025-09-23,50,-1.93,-1.31,20.0,-1.46,-1.89,40.0,4.19,0.41,60.0,-2.51,-1.88,20.0,-1.45,-2.46,40.0,1.87,0.71,60.0,-2.28,-2.61,24.0,-0.2,-1.91,36.0,3.02,-0.54,48.0
2025-09-24,50,-3.16,-2.88,20.0,-4.06,-3.76,20.0,3.95,-3.64,40.0,-2.53,-2.58,30.0,-4.96,-5.72,10.0,0.19,-3.7,40.0,-2.39,-2.45,20.0,-1.62,-3.5,24.0,1.96,-2.13,38.0
2025-09-25,50,-0.7,1.87,60.0,-4.24,-5.14,40.0,2.19,-3.74,40.0,-2.27,-1.43,40.0,-5.03,-7.22,30.0,2.24,-2.08,40.0,-0.75,-1.86,30.0,-2.03,-4.17,26.0,2.09,-0.63,42.0
2025-09-26,50,2.84,0.0,40.0,-0.91,-3.45,40.0,3.9,-1.56,40.0,2.6,2.7,60.0,-1.84,-3.56,40.0,2.81,-1.21,40.0,3.48,1.87,72.0,-0.26,-2.33,40.0,3.25,0.0,48.0
2025-09-30,50,4.03,3.83,80.0,1.11,-0.43,40.0,1.69,-4.36,40.0,0.99,0.0,40.0,-2.08,-3.78,30.0,-1.27,-3.17,30.0,0.92,0.0,48.0,-0.41,-3.23,38.0,0.51,-4.58,34.0
2025-10-01,50,2.43,2.03,60.0,0.82,0.0,40.0,2.26,-3.7,40.0,-0.07,-3.54,40.0,-1.44,-2.04,20.0,0.58,-1.91,40.0,2.31,1.31,54.0,0.74,-1.87,38.0,2.19,-2.48,44.0
2025-10-02,50,1.36,1.43,60.0,2.42,-0.11,40.0,1.2,-1.1,40.0,-1.66,-0.9,30.0,0.98,-0.49,40.0,-0.94,-2.42,20.0,-0.96,-1.87,32.0,0.54,-0.17,48.0,-0.46,-2.38,34.0
2025-10-03,50,-3.66,-6.22,40.0,2.46,0.44,60.0,0.78,-3.02,40.0,-4.85,-6.4,30.0,-0.26,0.01,50.0,-3.61,-3.06,30.0,-3.1,-4.01,22.0,2.2,0.74,54.0,-0.28,-3.06,34.0
2025-10-07,50,-2.06,-3.72,20.0,1.78,-0.45,40.0,1.45,0.85,60.0,-3.96,-4.17,10.0,1.75,0.52,50.0,1.76,-0.37,50.0,-2.39,-3.64,20.0,3.52,1.08,58.0,1.36,-1.61,40.0
2025-10-08,50,-5.13,-5.43,0.0,-5.09,-2.84,0.0,-7.9,-9.7,20.0,-5.37,-5.03,10.0,-4.46,-2.54,20.0,-6.92,-9.7,20.0,-0.05,-1.48,32.0,1.6,-0.56,46.0,-1.2,-4.48,38.0
2025-10-09,50,-3.35,-4.07,20.0,-4.1,-2.84,0.0,-7.15,-6.46,0.0,-5.28,-5.03,10.0,-4.47,-3.52,20.0,-9.24,-7.54,0.0,-1.05,-1.97,36.0,3.66,0.73,56.0,0.44,-4.3,34.0
2025-10-13,50,1.32,0.62,60.0,2.37,-0.32,40.0,3.32,-5.27,40.0,3.26,1.2,70.0,7.19,1.3,60.0,3.99,-0.07,50.0,2.0,0.19,50.0,4.08,1.54,60.0,2.17,-2.16,44.0
2025-10-14,50,3.62,4.3,60.0,6.03,1.63,80.0,3.95,-1.96,40.0,4.84,5.33,80.0,6.89,3.07,80.0,9.65,8.4,60.0,5.14,4.36,80.0,7.07,4.54,72.0,7.98,4.69,60.0
2025-10-15,50,3.14,1.87,80.0,2.07,2.09,60.0,-2.46,-6.99,40.0,5.74,3.0,80.0,8.76,5.55,70.0,12.18,5.27,60.0,4.37,2.54,74.0,4.8,1.64,66.0,4.23,0.53,52.0
2025-10-16,50,-0.51,-2.34,40.0,-2.09,-3.7,40.0,3.22,-0.59,40.0,0.12,-1.23,40.0,0.6,-2.05,40.0,2.03,0.81,50.0,2.06,-0.07,48.0,3.72,0.26,50.0,1.37,-1.32,44.0
2025-10-17,50,2.45,0.31,60.0,-0.31,2.77,60.0,-2.89,-4.81,40.0,6.38,4.53,80.0,2.81,4.59,60.0,-2.33,-3.46,40.0,2.94,1.3,68.0,3.59,4.19,60.0,0.3,-2.79,36.0
2025-10-20,50,-2.65,-1.29,40.0,-5.93,-2.77,0.0,-0.02,-4.45,20.0,0.69,0.52,60.0,-3.17,-2.21,30.0,-1.99,-4.53,30.0,2.08,0.72,56.0,0.09,-1.02,44.0,-1.57,-4.53,34.0
2025-10-21,50,0.44,-0.9,40.0,-3.07,-2.15,20.0,1.82,-4.49,40.0,3.32,-0.39,50.0,-2.15,-3.46,30.0,-2.35,-6.8,30.0,2.14,0.81,66.0,-0.28,-1.16,36.0,-3.77,-7.22,28.0
2025-10-22,50,1.99,-0.84,40.0,2.47,-1.65,40.0,0.26,-7.3,40.0,1.49,-0.89,40.0,-1.09,-2.09,30.0,-0.01,-6.74,40.0,1.37,-0.81,44.0,0.55,-1.42,42.0,-2.93,-6.64,30.0
2025-10-23,50,3.08,-1.18,40.0,2.59,-1.96,40.0,1.54,-1.99,40.0,1.1,-1.49,40.0,-2.43,-4.05,20.0,-5.52,-8.43,20.0,1.85,0.06,50.0,-0.24,-2.59,34.0,-5.51,-7.84,20.0
2025-10-27,50,2.5,4.35,80.0,6.57,2.65,80.0,4.87,-5.32,40.0,-0.4,0.47,60.0,-1.82,-2.83,40.0,-6.27,-10.84,20.0,1.64,-0.41,48.0,-1.64,-2.58,36.0,-7.0,-10.02,14.0
2025-10-28,50,-3.27,-3.97,20.0,-3.82,-5.66,40.0,-4.14,-11.04,20.0,-0.8,-1.92,40.0,-2.24,-1.23,40.0,-3.8,-5.87,10.0,-1.2,-2.37,32.0,-2.57,-4.11,30.0,-5.13,-7.62,16.0
2025-10-29,50,-4.68,-4.41,0.0,-3.35,-7.2,20.0,-3.79,-10.36,20.0,-0.4,-1.65,20.0,-0.5,-4.75,30.0,-2.54,-9.01,30.0,-2.1,-2.97,28.0,-1.93,-4.02,32.0,-5.16,-6.65,16.0
2025-10-30,50,1.64,-0.72,40.0,5.18,0.71,60.0,5.25,-0.48,40.0,-2.77,-4.31,20.0,1.72,-1.85,40.0,-0.9,-6.86,30.0,-1.5,-1.58,36.0,-0.52,-2.77,36.0,-3.39,-6.14,26.0
2025-10-31,50,-4.83,-4.33,20.0,-1.57,-11.33,20.0,0.65,-8.41,20.0,-5.96,-5.82,10.0,-4.56,-6.96,10.0,-3.05,-8.52,20.0,-2.85,-3.54,20.0,-2.56,-5.0,26.0,-1.69,-4.39,36.0
2025-11-03,50,-6.44,-5.12,20.0,-3.91,-11.83,20.0,-1.48,-12.87,20.0,-4.85,-4.34,20.0,-2.29,-10.04,20.0,-1.95,-10.33,30.0,-2.25,-3.41,26.0,-2.3,-5.51,28.0,-1.52,-5.87,28.0
2025-11-04,50,1.42,1.95,60.0,3.17,-3.78,40.0,4.39,-7.87,40.0,-0.44,-2.36,50.0,-3.43,-10.11,30.0,-2.0,-9.59,20.0,-0.4,-1.32,42.0,-4.19,-5.33,26.0,-1.06,-3.24,34.0
2025-11-05,50,5.17,0.0,40.0,1.91,-6.77,40.0,11.04,-1.88,40.0,0.53,-2.2,40.0,-2.47,-3.66,40.0,1.85,-2.26,20.0,0.34,-0.81,44.0,-5.33,-7.84,24.0,-0.29,-3.11,30.0
2025-11-06,50,7.14,6.9,60.0,5.77,1.69,60.0,9.08,-0.24,40.0,0.95,-4.17,40.0,0.13,-3.24,50.0,5.2,-2.85,40.0,0.06,-1.83,40.0,-3.33,-6.38,28.0,-1.04,-4.3,34.0
2025-11-07,50,5.2,-3.9,40.0,-2.35,-9.49,40.0,4.17,-5.84,20.0,-0.69,-5.85,20.0,-6.15,-9.86,20.0,-0.39,-7.04,20.0,0.71,-0.6,46.0,-3.89,-6.21,20.0,2.86,-1.03,44.0
2025-11-10,50,1.98,-5.81,40.0,-3.58,-8.42,20.0,10.49,-5.49,40.0,-0.55,-3.34,30.0,-5.54,-7.74,10.0,4.53,-3.93,30.0,2.46,-1.06,46.0,-1.07,-3.84,36.0,7.12,2.01,58.0
2025-11-11,50,-0.15,-5.6,40.0,-2.42,-8.19,40.0,11.03,-7.91,40.0,-2.48,-6.49,30.0,-4.01,-8.52,30.0,4.02,-5.65,30.0,-1.3,-3.17,32.0,0.06,-3.16,38.0,6.14,1.16,54.0
2025-11-12,50,-7.42,-7.68,0.0,-1.79,-3.38,20.0,4.64,-7.15,20.0,-6.59,-6.4,0.0,-2.29,-3.5,30.0,1.51,-6.88,30.0,-5.14,-5.59,12.0,-1.36,-2.92,28.0,2.82,-1.54,38.0
2025-11-13,50,-5.43,-4.85,0.0,-1.05,-2.99,20.0,6.54,-6.9,20.0,-5.04,-4.4,0.0,-1.11,-2.99,30.0,2.85,-5.35,30.0,-4.11,-3.76,14.0,-1.38,-2.4,28.0,1.78,-2.59,36.0
2025-11-14,50,-4.07,-3.7,20.0,4.93,-2.27,40.0,12.78,0.43,60.0,-5.09,-4.66,10.0,2.5,-1.52,40.0,5.53,-1.22,50.0,-4.87,-4.65,8.0,2.29,-0.76,44.0,5.12,0.91,54.0
2025-11-17,50,-5.08,-5.15,0.0,1.61,-1.31,20.0,12.27,0.44,60.0,-5.2,-4.97,10.0,2.61,-1.89,30.0,11.2,-1.86,40.0,-3.54,-3.79,18.0,3.02,-0.82,38.0,9.13,1.83,56.0
2025-11-18,50,-1.41,0.11,60.0,-0.98,-0.27,40.0,12.77,-1.6,20.0,2.88,1.83,70.0,3.98,1.14,60.0,11.18,-0.8,40.0,2.17,0.79,56.0,3.88,2.11,62.0,9.46,1.05,54.0
2025-11-19,50,4.84,2.53,60.0,10.54,3.11,60.0,35.57,33.23,80.0,3.55,2.12,60.0,5.95,1.88,60.0,17.05,4.15,60.0,2.66,0.62,56.0,5.42,2.37,72.0,9.21,3.54,64.0
2025-11-20,50,2.75,0.55,60.0,3.68,2.15,60.0,17.23,-2.88,40.0,6.03,1.48,60.0,5.53,-0.71,50.0,16.77,5.16,50.0,1.98,0.71,56.0,3.48,0.57,58.0,6.11,-0.06,48.0
2025-11-21,50,0.02,1.35,60.0,-1.73,-1.76,20.0,4.93,-6.43,40.0,7.11,4.0,70.0,4.61,-0.43,50.0,10.22,3.83,50.0,7.5,5.27,78.0,7.36,3.75,70.0,11.8,3.42,62.0
2025-11-24,50,6.77,5.71,60.0,7.18,4.08,60.0,16.64,10.57,60.0,8.66,3.13,60.0,10.71,2.23,60.0,22.63,12.32,60.0,5.44,1.67,70.0,8.66,4.62,76.0,11.33,5.61,64.0
2025-11-25,50,-0.37,-1.85,40.0,9.03,0.32,60.0,18.16,-3.85,40.0,1.32,-1.62,30.0,7.92,0.26,60.0,11.22,-4.33,30.0,3.49,0.46,56.0,8.44,3.38,72.0,10.09,4.04,64.0
2025-11-26,50,-0.5,-0.87,40.0,3.0,1.55,60.0,2.49,-6.61,20.0,3.78,0.15,50.0,6.93,1.58,60.0,5.34,-6.02,40.0,4.57,1.07,60.0,8.22,3.51,66.0,10.34,3.72,58.0
2025-11-27,50,1.22,-1.15,40.0,3.77,6.3,60.0,6.46,4.67,60.0,0.64,0.57,60.0,0.87,-1.24,50.0,2.61,-1.15,50.0,2.77,0.66,62.0,4.02,2.14,58.0,5.62,0.18,50.0
2025-11-28,50,-1.42,-0.58,20.0,-3.61,-4.22,20.0,-4.82,-4.52,0.0,-0.64,-0.55,30.0,-0.4,-3.82,30.0,1.25,-2.26,30.0,1.23,-0.19,48.0,2.48,0.21,50.0,2.5,-0.45,46.0
2025-12-01,50,-0.81,-0.19,40.0,-0.15,-1.18,40.0,3.93,4.2,60.0,-0.75,-0.1,40.0,-1.01,-2.37,40.0,0.78,-1.94,40.0,1.95,1.77,58.0,2.75,0.99,56.0,4.92,1.47,54.0
2025-12-02,50,1.32,1.61,60.0,1.49,-1.18,40.0,6.41,2.01,60.0,2.56,2.03,60.0,3.06,-1.25,40.0,6.37,2.65,70.0,2.5,1.62,58.0,0.56,-1.66,38.0,4.1,0.5,54.0
2025-12-03,50,-1.01,-1.64,40.0,-2.17,-5.62,20.0,1.25,1.58,60.0,1.94,0.8,60.0,1.05,-3.25,40.0,5.71,3.81,70.0,1.95,0.16,50.0,0.14,-1.83,38.0,5.99,2.46,68.0
2025-12-04,50,-3.9,-3.69,0.0,-6.05,-7.11,0.0,2.14,-3.49,40.0,-0.5,-1.77,30.0,-2.82,-4.85,20.0,2.14,-0.48,50.0,0.34,-0.59,42.0,-1.71,-3.14,32.0,3.26,1.81,58.0
2025-12-05,50,1.78,2.65,60.0,-1.09,-3.12,40.0,5.18,-2.7,40.0,5.26,5.08,70.0,0.95,-0.25,50.0,6.03,4.53,50.0,1.34,-0.16,50.0,-1.16,-2.52,38.0,3.32,1.45,56.0
2025-12-08,50,1.5,2.32,80.0,1.16,2.63,60.0,14.21,10.11,80.0,4.49,2.93,80.0,3.43,2.34,70.0,11.12,7.87,90.0,1.36,-0.78,42.0,1.36,0.23,52.0,6.16,4.88,68.0
2025-12-09,50,2.26,-1.18,40.0,2.39,-0.26,40.0,7.84,10.19,60.0,-1.06,-2.23,30.0,-0.32,-2.75,40.0,5.58,-0.47,40.0,0.57,-2.67,36.0,2.33,-0.34,48.0,5.31,1.32,58.0
2025-12-10,50,-1.16,-2.28,40.0,-0.83,-2.65,40.0,9.83,5.03,60.0,-3.13,-3.21,20.0,-2.38,-3.26,20.0,4.17,-1.44,40.0,-1.24,-1.88,34.0,2.06,-1.31,46.0,6.12,1.96,62.0
2025-12-11,50,-0.22,-1.9,40.0,13.67,2.59,60.0,18.89,23.55,80.0,-1.54,-3.46,30.0,6.73,0.03,50.0,8.72,1.95,60.0,-2.05,-3.29,24.0,3.26,-0.86,44.0,9.98,3.12,76.0
2025-12-12,50,-3.18,-3.2,20.0,4.61,-0.2,40.0,10.97,1.36,80.0,-3.94,-3.25,10.0,2.57,0.07,50.0,10.63,6.16,90.0,-1.99,-2.58,20.0,2.23,0.46,52.0,8.73,3.0,68.0
2025-12-15,50,-0.36,0.38,60.0,7.57,0.0,40.0,17.14,14.15,100.0,1.87,1.12,70.0,5.46,1.99,50.0,10.93,6.73,90.0,0.84,-0.34,48.0,1.93,-0.23,48.0,10.26,7.39,86.0
2025-12-16,50,0.69,-0.25,40.0,6.76,-1.26,40.0,8.79,0.75,60.0,1.93,1.41,70.0,7.73,-0.07,50.0,11.37,6.85,70.0,1.57,0.92,58.0,3.79,2.0,60.0,12.15,9.26,82.0
2025-12-17,50,4.88,5.16,80.0,16.95,6.77,100.0,19.58,7.9,100.0,3.07,2.13,70.0,8.37,3.27,60.0,11.97,6.94,80.0,1.12,-0.08,48.0,4.78,2.13,62.0,11.48,6.3,76.0
2025-12-18,50,7.06,6.54,80.0,10.45,5.5,100.0,23.99,6.01,100.0,6.5,5.15,70.0,9.92,5.55,90.0,19.23,9.07,100.0,4.32,2.91,68.0,4.71,2.91,68.0,16.77,10.4,92.0
2025-12-19,50,7.71,2.84,100.0,11.07,7.8,100.0,24.89,13.3,100.0,5.21,3.43,90.0,7.21,5.05,100.0,20.51,11.59,100.0,2.48,0.8,54.0,5.96,4.24,76.0,15.55,9.98,80.0
2025-12-22,50,0.82,2.27,60.0,4.42,2.81,80.0,20.2,9.09,80.0,1.08,1.75,70.0,7.07,4.5,90.0,12.56,6.15,80.0,1.04,-0.45,42.0,5.79,3.58,70.0,12.98,6.42,74.0
2025-12-23,50,0.52,-1.46,40.0,9.04,-1.09,40.0,16.9,18.21,80.0,4.05,0.37,50.0,7.08,0.21,50.0,15.09,4.87,80.0,2.64,-1.05,40.0,7.32,2.44,62.0,13.84,8.13,74.0
2025-12-24,50,4.33,4.62,100.0,9.01,-0.25,40.0,9.98,5.1,60.0,7.74,5.17,90.0,7.69,3.09,60.0,13.75,7.3,80.0,4.21,1.08,64.0,4.55,0.74,54.0,12.58,7.25,70.0
2025-12-26,50,2.77,0.87,60.0,9.43,3.13,60.0,13.4,11.11,80.0,0.94,-0.02,50.0,6.83,2.85,60.0,8.15,5.89,80.0,0.39,-0.8,46.0,4.93,2.12,60.0,12.3,6.51,72.0
2025-12-29,50,2.92,-0.7,40.0,8.87,-2.36,40.0,10.98,3.71,80.0,1.55,-0.04,50.0,3.67,-1.0,30.0,6.29,1.62,60.0,1.59,0.4,52.0,3.69,-0.18,48.0,8.61,2.81,60.0
2025-12-30,50,4.96,2.05,100.0,4.31,1.39,60.0,5.44,4.2,60.0,3.92,1.98,80.0,6.07,4.68,70.0,7.18,3.9,70.0,2.51,1.78,58.0,5.47,2.27,58.0,6.87,1.92,64.0
2025-12-31,50,1.86,-0.21,40.0,2.2,2.41,60.0,4.95,1.41,60.0,1.9,1.22,70.0,3.07,2.1,70.0,6.66,1.3,60.0,2.93,0.42,52.0,6.8,3.12,70.0,6.58,0.41,52.0
2026-01-02,50,-0.22,-1.93,20.0,0.03,-0.57,40.0,-6.5,-8.37,20.0,1.48,-0.89,40.0,4.97,-2.17,40.0,5.64,-4.62,40.0,1.34,-0.75,46.0,5.61,1.97,58.0,4.74,-1.38,48.0
2026-01-05,50,2.85,2.24,60.0,5.33,6.46,80.0,-7.03,-8.96,0.0,1.47,0.36,50.0,2.55,0.63,60.0,-2.36,-7.83,10.0,2.36,0.64,54.0,5.71,2.93,68.0,-0.29,-2.54,38.0
2026-01-06,50,-2.3,-1.24,40.0,2.26,4.76,60.0,-1.07,-5.74,40.0,2.58,-0.27,50.0,10.99,5.21,70.0,0.22,-2.5,40.0,2.44,-0.36,48.0,6.12,2.86,60.0,1.99,-2.5,44.0
2026-01-07,50,-0.66,-0.9,40.0,-1.86,-6.44,40.0,-0.72,-6.17,20.0,0.07,-0.08,50.0,-0.26,1.31,60.0,6.51,4.87,60.0,2.48,0.48,58.0,1.88,0.14,50.0,2.41,-1.9,46.0
2026-01-08,50,0.58,-1.47,40.0,0.61,0.88,60.0,4.4,0.4,60.0,3.02,2.29,60.0,2.65,2.12,60.0,3.13,-1.73,50.0,2.77,2.38,68.0,2.36,2.0,62.0,0.63,-2.65,44.0
2026-01-09,50,0.17,1.13,60.0,0.65,2.0,60.0,-0.2,-4.13,20.0,0.64,1.56,60.0,1.99,3.0,70.0,1.75,-4.22,30.0,2.3,1.23,56.0,2.57,2.27,58.0,0.07,-4.01,38.0
2026-01-12,50,1.15,0.44,60.0,0.52,2.86,60.0,-4.81,-10.57,20.0,0.3,-0.51,40.0,0.48,1.43,50.0,-2.1,-8.99,30.0,1.65,0.38,54.0,1.74,2.33,58.0,-1.2,-4.02,32.0
2026-01-13,50,6.67,6.6,80.0,2.59,5.73,80.0,-3.62,-3.42,40.0,5.59,4.97,70.0,4.29,5.71,70.0,0.88,-0.59,50.0,3.58,3.31,68.0,3.93,3.59,70.0,0.89,-1.96,44.0
2026-01-14,50,0.8,2.5,60.0,-1.71,-1.65,40.0,-3.57,-11.07,40.0,-0.68,-1.74,30.0,-0.55,1.02,60.0,-3.83,-5.4,30.0,0.32,-0.61,38.0,3.47,2.44,62.0,0.48,-3.2,32.0
2026-01-15,50,1.32,0.0,40.0,-1.54,-4.95,40.0,1.05,-4.71,40.0,0.21,0.0,40.0,0.31,1.66,60.0,-1.28,-2.86,40.0,0.92,0.0,48.0,1.43,0.19,52.0,1.38,-2.62,38.0
2026-01-16,50,1.93,0.0,40.0,-1.77,-5.9,40.0,-0.67,-3.26,40.0,1.71,0.17,50.0,-2.59,-4.36,30.0,-1.51,-3.77,40.0,1.97,1.62,62.0,0.46,-1.42,38.0,5.41,0.22,50.0
2026-01-19,50,-2.11,-0.99,40.0,-6.56,-9.9,20.0,-4.0,-8.04,20.0,-0.78,-0.13,50.0,-1.6,-8.96,30.0,2.04,-3.42,30.0,1.52,0.49,54.0,-2.7,-5.63,24.0,4.23,-1.21,40.0
2026-01-20,50,-1.18,-0.83,20.0,-4.71,-9.03,20.0,-0.49,-2.14,40.0,1.89,0.98,50.0,0.25,-7.51,40.0,6.87,-0.51,50.0,0.95,0.15,50.0,-2.17,-5.42,22.0,4.72,0.27,50.0
2026-01-21,50,2.89,0.0,40.0,0.47,-3.39,40.0,8.37,-3.15,40.0,1.99,1.15,60.0,3.34,-0.99,50.0,11.59,0.64,50.0,2.91,0.43,52.0,1.0,-2.34,36.0,6.17,-0.73,44.0
2026-01-22,50,-2.69,-2.64,40.0,-1.68,-6.45,40.0,0.38,-2.75,40.0,-3.52,-4.36,20.0,-4.73,-7.46,20.0,-3.5,-7.37,30.0,-1.37,-2.63,34.0,-2.28,-5.4,28.0,0.27,-4.6,30.0
2026-01-23,50,1.25,-1.34,40.0,3.15,5.35,60.0,12.79,0.74,60.0,-1.59,-1.91,20.0,-2.63,-6.62,30.0,4.9,-8.61,40.0,-2.57,-2.95,20.0,-3.25,-5.18,28.0,-2.11,-7.33,28.0
2026-01-26,50,-1.69,-4.12,40.0,-1.95,-5.3,20.0,-4.8,-6.53,20.0,-5.74,-9.6,20.0,-3.69,-7.47,30.0,-5.44,-6.62,20.0,-4.52,-6.71,16.0,-3.77,-6.75,22.0,-2.73,-6.78,30.0
2026-01-27,50,0.02,-1.49,20.0,1.16,-3.28,40.0,-1.06,-2.63,40.0,-1.18,-1.21,30.0,0.48,-0.89,50.0,-1.18,-2.04,40.0,-4.33,-4.71,14.0,-4.37,-5.55,24.0,-2.12,-4.57,28.0
2026-01-28,50,0.56,-3.5,20.0,-0.42,-5.26,20.0,-2.82,-5.46,40.0,0.91,-0.56,30.0,-0.01,-2.89,40.0,-4.17,-4.65,40.0,-1.44,-2.44,20.0,-3.13,-4.5,24.0,-4.82,-9.26,24.0
2026-01-29,50,1.58,-1.2,40.0,3.26,2.69,60.0,0.67,3.29,60.0,0.52,-1.98,30.0,3.46,2.75,70.0,1.2,-4.5,40.0,-0.85,-2.26,26.0,1.34,-0.2,42.0,-1.28,-6.46,32.0
2026-01-30,50,-0.75,0.46,60.0,5.47,6.56,80.0,7.26,9.79,80.0,-1.09,-0.25,50.0,4.44,7.03,70.0,7.56,6.72,80.0,-2.85,-2.7,26.0,2.96,2.45,56.0,1.69,-2.54,38.0
2026-02-02,50,0.88,1.22,60.0,5.63,6.04,80.0,7.77,11.52,80.0,1.16,1.21,60.0,7.77,7.06,80.0,14.84,12.65,80.0,0.6,0.1,50.0,6.07,5.77,74.0,5.3,0.99,54.0
2026-02-03,50,2.66,1.22,80.0,7.22,8.94,100.0,20.56,16.41,100.0,0.63,0.51,70.0,3.89,3.62,70.0,13.5,9.47,70.0,-0.16,-0.47,44.0,8.22,4.58,74.0,8.99,1.46,54.0
2026-02-04,50,1.98,0.47,60.0,3.12,2.14,100.0,17.54,16.62,100.0,-0.87,-0.6,40.0,1.68,1.98,90.0,6.73,8.21,70.0,-2.16,-3.21,24.0,8.43,1.98,60.0,9.37,-0.07,50.0
2026-02-05,50,2.45,3.94,80.0,2.21,2.64,80.0,13.62,18.31,60.0,1.46,2.64,70.0,2.42,1.4,60.0,18.01,19.37,70.0,1.29,1.43,60.0,3.9,1.56,56.0,8.55,4.97,58.0
2026-02-06,50,2.21,1.87,60.0,-2.74,-4.37,40.0,8.46,13.27,60.0,7.11,6.17,80.0,6.31,1.39,60.0,23.02,20.5,80.0,5.46,2.9,76.0,2.36,-1.44,46.0,14.32,11.29,70.0
2026-02-09,50,1.91,0.86,80.0,-1.03,0.17,60.0,6.43,17.67,60.0,2.18,0.53,60.0,1.65,-0.24,50.0,13.87,13.61,60.0,6.82,4.86,78.0,5.17,0.27,52.0,14.96,10.52,62.0
2026-02-10,50,0.38,0.19,60.0,-1.94,0.19,60.0,6.27,13.68,60.0,4.44,3.12,80.0,4.66,0.1,50.0,15.48,16.69,70.0,5.9,2.92,76.0,3.62,0.42,54.0,11.21,3.37,60.0
2026-02-11,50,0.65,1.56,60.0,-5.18,-0.29,40.0,3.08,12.08,60.0,6.03,1.95,60.0,0.21,-0.05,50.0,9.06,12.93,60.0,5.29,2.92,80.0,-2.54,-4.31,34.0,4.44,0.39,50.0
2026-02-23,50,-2.1,-2.18,40.0,-2.33,0.19,60.0,4.47,14.43,60.0,1.82,0.52,60.0,1.52,0.39,60.0,4.71,7.63,60.0,2.08,-0.35,46.0,-1.35,-3.51,36.0,1.88,0.13,50.0
2026-02-24,50,-5.17,-6.34,20.0,-0.49,-1.09,40.0,8.58,14.47,80.0,-5.86,-6.31,10.0,-1.15,-1.41,40.0,5.19,1.85,60.0,-4.05,-6.19,22.0,-1.14,-2.0,36.0,2.96,0.17,50.0
2026-02-25,50,-2.52,-2.5,20.0,-3.52,-2.24,40.0,-2.15,-6.67,20.0,-2.39,-2.58,20.0,-3.17,-1.76,40.0,1.03,-2.61,40.0,-1.71,-3.21,34.0,-2.14,-2.56,38.0,0.63,-1.32,46.0
2026-02-26,50,-1.98,-2.82,20.0,-1.04,-2.23,40.0,1.63,-9.44,40.0,0.18,-2.38,30.0,-0.89,-0.73,50.0,1.85,-0.44,50.0,-2.74,-2.91,22.0,-2.47,-3.59,32.0,-0.29,-2.38,34.0
2026-03-02,50,0.51,-2.56,40.0,8.14,9.82,80.0,15.2,9.39,60.0,-3.34,-3.98,20.0,3.93,7.58,60.0,10.25,9.36,60.0,-7.21,-7.87,12.0,1.26,-0.92,44.0,1.35,-2.58,40.0
2026-03-03,50,1.94,2.07,60.0,14.75,15.27,80.0,11.61,9.06,60.0,-2.38,-0.55,30.0,10.31,11.77,70.0,5.77,4.59,60.0,-3.31,-2.76,20.0,5.45,-0.13,50.0,0.87,-3.31,38.0
2026-03-04,50,-2.09,-1.9,20.0,-1.84,-4.47,20.0,-6.77,-10.99,20.0,3.51,3.23,60.0,10.58,3.65,60.0,1.22,-6.74,30.0,4.24,2.79,74.0,9.38,5.83,74.0,5.13,-0.11,50.0
2026-03-05,50,-1.5,-1.07,40.0,0.76,-5.77,40.0,-5.92,-12.76,40.0,1.74,1.41,60.0,8.44,4.99,60.0,0.96,-3.88,40.0,3.09,0.62,52.0,9.12,2.08,58.0,5.46,-2.5,46.0
2026-03-06,50,-0.95,-0.51,40.0,6.15,8.66,60.0,0.49,-0.68,40.0,-0.53,-0.59,40.0,3.89,3.76,60.0,-5.23,-3.63,30.0,2.93,-0.59,44.0,6.99,1.16,52.0,5.91,-1.36,46.0
2026-03-09,50,4.5,1.22,60.0,4.25,-2.45,40.0,1.68,-6.53,40.0,6.76,5.92,70.0,4.9,2.98,60.0,3.99,2.46,60.0,9.62,6.36,74.0,8.15,3.75,70.0,11.78,7.21,72.0
2026-03-10,50,8.36,5.6,80.0,3.68,-3.26,40.0,2.17,-8.99,40.0,5.24,2.78,70.0,1.53,-2.0,40.0,-2.77,-4.75,40.0,8.59,5.05,74.0,7.16,2.83,58.0,14.27,6.04,72.0
2026-03-11,50,7.79,5.98,60.0,5.92,2.39,60.0,5.24,2.79,80.0,9.77,3.1,60.0,7.14,-0.1,50.0,10.54,0.34,60.0,7.43,1.6,66.0,7.87,2.7,62.0,11.26,5.74,66.0
2026-03-12,50,2.86,4.07,80.0,-0.47,-2.44,40.0,1.91,4.62,60.0,4.51,2.57,60.0,-0.28,-2.65,40.0,-0.98,-3.49,50.0,4.26,1.21,56.0,3.77,0.15,50.0,11.94,3.62,62.0
2026-03-13,50,5.58,4.96,60.0,2.95,6.14,60.0,5.94,5.12,80.0,2.0,0.06,50.0,-1.76,-4.01,30.0,0.87,2.29,60.0,2.63,1.17,60.0,0.97,0.6,50.0,4.05,2.83,58.0
2026-03-16,50,-0.48,-5.69,40.0,-6.59,-5.84,40.0,2.29,0.75,80.0,-0.85,-5.28,40.0,-5.59,-6.07,30.0,12.61,6.55,70.0,-1.37,-2.96,26.0,-2.75,-3.63,34.0,6.17,2.31,66.0
2026-03-17,50,-1.16,-6.31,40.0,-7.63,-11.2,40.0,0.99,-3.16,40.0,-1.48,-5.94,30.0,-7.38,-8.95,30.0,9.74,3.83,50.0,-1.81,-2.5,26.0,-5.41,-6.54,24.0,7.07,4.96,66.0
2026-03-18,50,-1.13,-3.38,20.0,-8.25,-8.59,20.0,-0.69,-0.38,40.0,-1.54,-3.15,30.0,-7.49,-6.07,20.0,5.14,0.72,50.0,-0.42,-2.97,32.0,-4.69,-5.95,20.0,6.94,2.79,60.0
2026-03-19,50,2.67,4.67,60.0,-2.33,2.69,60.0,19.43,20.84,80.0,2.17,-0.91,40.0,-2.85,-3.08,40.0,16.3,11.72,70.0,-1.06,-2.98,34.0,-4.55,-5.78,24.0,12.07,6.73,70.0
2026-03-20,50,1.75,5.49,60.0,-2.2,-2.95,20.0,18.34,16.92,100.0,2.11,3.39,60.0,-2.07,-3.16,30.0,17.16,17.67,90.0,-0.45,-3.15,38.0,-3.17,-4.61,26.0,15.13,10.68,82.0
2026-03-23,50,-0.87,-1.31,20.0,1.43,-0.98,40.0,19.59,21.18,100.0,-0.31,-0.73,40.0,-0.06,-0.49,40.0,17.72,18.93,100.0,0.68,-0.32,40.0,3.34,1.34,54.0,20.89,18.28,86.0
2026-03-24,50,-1.8,-2.73,40.0,6.98,6.19,80.0,26.54,26.53,100.0,-2.32,-3.33,30.0,9.33,6.8,80.0,20.06,23.64,90.0,-2.51,-4.54,20.0,7.04,2.91,66.0,18.98,11.86,88.0
2026-03-25,50,-5.07,-3.38,20.0,3.03,1.52,80.0,22.67,21.5,80.0,-4.29,-3.22,20.0,0.38,0.74,60.0,16.61,14.54,80.0,-4.3,-4.39,16.0,1.68,0.41,52.0,12.72,8.36,72.0
2026-03-26,50,-2.73,-3.75,40.0,18.09,12.06,100.0,23.71,23.4,100.0,-2.45,-1.63,30.0,10.77,6.12,70.0,20.17,18.79,90.0,-2.86,-3.1,28.0,6.26,1.81,68.0,12.36,7.21,70.0
2026-03-27,50,-3.15,-0.97,40.0,11.36,12.36,100.0,15.14,12.54,100.0,-2.54,-1.71,20.0,9.79,11.23,90.0,15.53,12.47,80.0,-3.76,-3.42,22.0,8.44,4.62,74.0,17.16,11.52,78.0
2026-03-30,50,-1.06,-1.64,40.0,11.28,10.63,100.0,21.99,15.88,100.0,3.53,3.07,70.0,16.41,13.45,100.0,22.67,22.34,100.0,3.46,2.38,68.0,11.77,7.92,76.0,16.13,12.64,82.0
2026-03-31,50,1.87,2.2,80.0,8.58,12.45,80.0,16.69,13.92,80.0,3.96,1.61,70.0,9.07,10.84,80.0,13.93,9.21,80.0,8.99,6.71,86.0,18.86,12.71,92.0,24.12,14.68,84.0
2026-04-01,50,2.35,0.7,60.0,13.34,14.9,80.0,15.33,10.64,100.0,4.18,3.89,70.0,14.65,10.76,80.0,23.11,10.54,90.0,7.2,3.16,74.0,17.33,9.47,92.0,20.77,10.73,88.0
2026-04-02,50,15.7,8.4,100.0,26.38,32.52,100.0,32.68,43.74,100.0,12.03,8.42,90.0,20.4,21.79,90.0,32.76,30.69,90.0,10.87,8.34,82.0,22.38,18.78,94.0,28.52,22.14,86.0
2026-04-07,50,11.49,5.63,100.0,21.74,10.42,100.0,17.43,9.02,100.0,15.07,13.81,90.0,30.47,33.7,100.0,21.52,17.66,100.0,12.2,8.81,84.0,23.94,17.84,94.0,24.29,16.59,84.0
2026-04-08,50,11.21,3.96,80.0,23.24,12.28,100.0,18.53,6.73,100.0,12.86,14.1,90.0,24.85,29.3,100.0,18.03,15.52,100.0,8.33,6.08,70.0,19.58,14.54,90.0,22.54,14.88,80.0
2026-04-09,50,3.74,3.56,80.0,12.32,6.23,100.0,17.62,15.14,100.0,9.04,4.73,90.0,20.98,11.99,100.0,21.74,14.38,90.0,7.18,4.4,84.0,14.95,7.37,82.0,20.15,13.71,82.0
2026-04-10,50,6.65,5.04,80.0,12.86,5.26,100.0,17.18,14.96,100.0,7.14,5.11,80.0,13.85,5.68,80.0,19.92,13.28,90.0,8.02,5.95,86.0,10.24,5.19,74.0,18.21,12.93,86.0
2026-04-13,50,7.1,2.48,100.0,10.01,4.26,80.0,15.41,13.48,100.0,9.46,2.84,100.0,9.87,4.98,80.0,13.79,14.93,90.0,9.63,5.99,92.0,7.61,3.41,62.0,18.9,12.34,82.0
2026-04-14,50,3.08,3.51,100.0,2.14,2.61,80.0,12.38,12.83,100.0,7.55,5.01,100.0,5.6,5.59,90.0,14.38,13.12,100.0,9.35,6.08,94.0,8.04,3.81,74.0,14.4,11.38,78.0
2026-04-15,50,8.19,8.0,100.0,2.47,3.28,80.0,3.97,9.33,60.0,12.55,9.69,90.0,4.34,3.62,80.0,8.8,11.67,70.0,9.81,7.56,88.0,4.93,2.96,74.0,13.9,9.69,74.0
2026-04-16,50,1.05,0.37,60.0,-0.16,-0.56,40.0,5.62,6.88,60.0,1.55,0.4,60.0,-1.28,0.26,50.0,5.37,4.13,60.0,4.51,0.24,52.0,3.33,1.12,60.0,9.46,7.15,66.0
2026-04-17,50,-1.06,-0.85,40.0,-1.74,1.0,60.0,1.63,-6.98,40.0,-1.47,-0.61,30.0,-1.7,-1.37,40.0,-1.03,-6.78,40.0,3.39,-0.12,48.0,3.38,1.09,56.0,7.44,5.23,60.0
2026-04-20,50,-1.07,-0.85,40.0,1.06,-0.82,40.0,2.9,3.16,60.0,-1.3,-1.77,40.0,2.68,-0.88,40.0,1.44,-2.38,50.0,-0.59,-1.47,36.0,2.61,1.56,56.0,2.97,0.18,50.0
2026-04-21,50,-0.89,-0.42,40.0,1.38,0.78,80.0,2.94,-3.53,40.0,-2.41,-2.12,20.0,-0.23,-0.23,50.0,-2.45,-5.8,30.0,-2.62,-2.9,22.0,0.87,-1.0,44.0,0.77,-2.96,46.0
2026-04-22,50,-3.87,-4.4,0.0,-1.13,-1.24,20.0,3.66,0.47,60.0,-4.71,-5.25,10.0,-3.07,-4.15,20.0,2.57,-2.05,50.0,-4.21,-4.92,14.0,0.03,-2.85,36.0,3.86,2.1,54.0
2026-04-23,50,-0.3,-4.19,40.0,0.67,-5.48,40.0,3.29,-0.96,40.0,-1.04,-1.98,40.0,4.56,2.81,60.0,7.22,4.29,50.0,0.96,-0.23,46.0,5.53,1.68,64.0,11.44,9.24,64.0
2026-04-24,50,0.04,-2.69,40.0,3.97,1.18,60.0,7.3,-0.71,40.0,1.9,0.95,50.0,10.75,9.74,80.0,16.01,12.82,70.0,2.6,1.29,60.0,7.93,3.59,66.0,13.59,9.89,66.0
2026-04-27,50,7.31,7.56,80.0,10.98,0.47,60.0,18.94,-3.17,40.0,6.2,6.56,70.0,11.64,1.46,70.0,17.58,8.88,70.0,6.52,5.03,76.0,9.74,4.55,72.0,18.39,13.18,74.0
2026-04-28,50,13.08,15.75,80.0,14.02,15.2,80.0,36.66,46.0,80.0,10.11,14.87,80.0,9.99,15.13,70.0,26.43,24.95,80.0,6.3,3.46,74.0,8.58,7.08,72.0,22.55,16.66,88.0
2026-04-29,50,16.81,19.67,100.0,20.77,25.53,100.0,26.89,34.02,100.0,10.62,11.54,80.0,13.23,15.69,90.0,22.99,14.55,90.0,7.56,5.84,76.0,10.11,8.84,78.0,17.32,16.91,84.0
2026-04-30,50,17.2,15.12,100.0,21.94,23.87,100.0,29.16,37.69,100.0,8.01,3.3,70.0,9.85,6.11,80.0,15.45,13.38,80.0,5.69,4.11,76.0,8.76,6.6,72.0,15.95,14.77,84.0
2026-05-04,50,0.85,-0.44,40.0,-1.1,1.31,60.0,5.27,8.15,60.0,-0.38,-1.14,40.0,0.99,2.05,70.0,7.42,8.27,80.0,4.93,4.29,66.0,5.7,3.16,66.0,15.75,12.68,86.0
2026-05-05,50,-4.99,-2.73,20.0,-7.69,-6.93,20.0,-1.28,2.63,60.0,-2.27,-2.37,30.0,-1.36,-1.24,40.0,9.28,7.99,80.0,3.19,1.44,60.0,3.14,0.89,54.0,13.92,11.45,84.0
2026-05-06,50,-2.93,-1.75,20.0,-0.68,-3.25,40.0,11.79,5.94,80.0,-2.01,-1.69,40.0,0.26,0.12,50.0,9.88,5.43,80.0,1.46,0.47,52.0,2.58,2.25,58.0,16.37,14.43,94.0
2026-05-07,50,1.19,2.8,60.0,0.57,5.94,60.0,6.71,7.68,80.0,0.15,1.22,50.0,2.5,3.61,70.0,8.85,6.98,90.0,1.73,0.39,52.0,4.77,2.69,70.0,17.29,11.34,88.0
2026-05-08,50,2.58,0.35,60.0,8.71,6.6,100.0,8.71,5.9,100.0,3.55,-0.12,50.0,11.45,7.53,90.0,21.38,7.76,80.0,0.6,-0.18,48.0,7.98,6.82,80.0,14.75,10.21,82.0
2026-05-11,50,1.67,0.34,80.0,6.86,6.83,100.0,-2.2,-4.68,20.0,-0.41,-0.15,40.0,7.49,7.18,100.0,-1.24,-3.96,30.0,-0.55,-1.69,36.0,9.73,6.54,82.0,6.67,0.95,58.0
2026-05-12,50,-2.46,-3.47,20.0,4.63,6.6,80.0,1.72,1.53,60.0,-1.95,-2.31,30.0,4.93,6.47,90.0,3.52,2.35,60.0,-1.74,-2.87,30.0,8.27,5.42,88.0,9.26,3.46,62.0
2026-05-13,50,5.17,1.24,60.0,14.68,8.29,80.0,16.86,-1.16,40.0,2.52,0.24,50.0,11.48,7.35,80.0,10.15,1.55,50.0,0.36,0.28,52.0,9.6,7.08,90.0,6.25,2.12,56.0
2026-05-14,50,4.98,3.06,100.0,6.65,1.7,60.0,-0.73,-3.4,20.0,4.74,3.77,90.0,7.93,3.07,80.0,1.92,0.44,50.0,2.61,2.49,74.0,5.54,3.87,72.0,4.28,1.42,58.0
2026-05-15,50,10.96,10.09,100.0,15.74,8.56,100.0,11.82,17.89,80.0,7.86,5.85,90.0,12.78,10.39,90.0,9.14,9.27,80.0,7.86,6.83,96.0,11.18,7.81,98.0,7.53,4.07,66.0
2026-05-18,50,8.16,8.11,100.0,10.82,8.36,100.0,5.52,5.02,60.0,8.2,8.32,100.0,10.09,7.55,100.0,4.94,3.27,60.0,9.42,8.09,100.0,11.76,9.66,100.0,8.71,7.33,76.0
2026-05-19,50,9.05,7.29,100.0,12.12,15.3,80.0,7.51,13.18,80.0,10.29,7.8,100.0,11.2,10.58,90.0,6.24,8.69,70.0,9.89,8.12,98.0,11.07,9.8,94.0,9.69,7.93,74.0
2026-05-20,50,5.2,3.86,80.0,11.33,11.46,80.0,4.97,6.61,80.0,7.16,4.63,80.0,10.94,10.72,80.0,4.94,6.54,70.0,7.73,5.85,84.0,12.04,9.7,90.0,11.24,6.81,76.0
2026-05-21,50,3.26,0.0,40.0,5.12,2.52,80.0,4.15,4.08,80.0,3.67,1.24,50.0,7.07,6.36,80.0,3.68,5.34,70.0,3.01,1.73,60.0,9.29,4.89,84.0,6.85,3.73,66.0
2026-05-22,50,4.94,-0.93,40.0,5.08,5.03,80.0,9.58,8.45,80.0,2.48,-0.7,30.0,8.84,6.12,70.0,12.41,5.96,70.0,2.74,0.3,52.0,3.97,1.33,58.0,5.96,0.51,56.0
2026-05-25,50,4.4,6.65,80.0,6.49,-1.29,40.0,11.35,3.51,60.0,2.85,2.54,70.0,1.96,-2.67,40.0,7.41,3.79,60.0,3.21,2.54,68.0,-1.98,-2.62,38.0,0.89,-1.67,40.0
2026-05-26,50,7.84,7.46,80.0,10.0,-2.94,40.0,11.8,-6.06,40.0,4.67,-0.61,50.0,4.53,-3.77,40.0,4.56,-3.69,40.0,3.64,0.89,58.0,-0.12,-2.27,40.0,-0.81,-2.1,38.0
2026-05-27,50,9.1,1.45,80.0,9.78,-9.5,40.0,15.44,0.8,60.0,8.69,8.56,80.0,4.61,-1.84,50.0,6.82,-0.46,50.0,5.16,3.57,66.0,-2.6,-2.44,32.0,-0.32,-2.54,42.0
2026-05-28,50,10.14,1.35,60.0,12.95,-2.36,40.0,13.15,1.32,60.0,8.92,2.74,80.0,8.14,1.64,60.0,5.07,-0.28,50.0,5.98,2.65,68.0,-1.13,-2.9,32.0,-3.55,-4.95,26.0
2026-05-29,50,12.83,4.81,80.0,16.97,1.44,60.0,10.64,0.27,60.0,7.5,1.25,70.0,10.37,2.46,60.0,5.42,1.27,60.0,0.82,-1.11,40.0,-2.29,-4.87,30.0,-5.34,-8.04,20.0
2026-06-01,50,-8.54,-6.56,0.0,-0.49,-1.31,20.0,-2.03,-0.78,40.0,-3.49,-6.51,10.0,4.72,-1.43,20.0,-2.57,-4.48,30.0,-5.13,-6.52,14.0,-0.8,-2.54,30.0,-1.67,-3.71,32.0
2026-06-02,50,-3.53,-3.13,20.0,-5.79,-6.45,0.0,-2.05,-1.84,40.0,-4.89,-5.54,10.0,-6.62,-7.15,0.0,-6.16,-8.27,20.0,-1.84,-3.16,30.0,-3.77,-5.69,16.0,-2.02,-4.4,30.0
2026-06-03,50,-5.45,-5.88,0.0,-2.79,-3.11,40.0,-5.57,-7.24,40.0,-6.19,-6.72,0.0,-4.35,-5.15,30.0,-6.94,-7.63,30.0,-6.68,-6.93,6.0,-4.71,-5.85,18.0,-4.39,-6.85,34.0
2026-06-04,50,-3.94,-3.72,0.0,0.52,1.86,60.0,0.49,5.05,60.0,-5.65,-4.36,0.0,-1.95,-1.03,40.0,-3.29,-1.9,40.0,-4.67,-5.1,20.0,-2.36,-3.45,30.0,-1.56,-2.19,42.0
2026-06-05,50,-2.98,-3.21,40.0,-2.02,-1.31,40.0,-0.39,0.92,60.0,-3.68,-4.68,30.0,-2.75,-4.25,30.0,-1.17,-2.26,40.0,-2.01,-3.26,24.0,0.0,-1.72,40.0,0.32,-2.19,46.0
2026-06-08,50,-0.81,-0.48,40.0,-2.94,-3.72,0.0,0.39,0.78,80.0,-1.49,-0.79,40.0,-3.05,-2.27,20.0,-3.83,-2.09,40.0,2.73,1.33,60.0,3.36,0.76,56.0,2.0,1.11,58.0
2026-06-09,50,-3.02,-3.79,20.0,-2.0,-2.48,20.0,-0.55,-0.99,40.0,-4.52,-4.66,20.0,-3.08,-2.66,20.0,-1.07,-0.93,40.0,-2.18,-3.29,34.0,-1.19,-2.66,34.0,-3.02,-3.58,32.0
2026-06-10,50,-0.42,0.74,60.0,-0.26,0.0,40.0,-0.78,0.29,60.0,-0.28,-0.35,50.0,2.6,-0.41,40.0,2.09,2.98,80.0,3.1,1.53,62.0,3.76,0.28,52.0,0.67,-0.66,46.0
2026-06-11,50,1.43,1.47,60.0,2.62,-1.47,20.0,4.82,5.84,100.0,1.26,0.73,50.0,-0.77,-2.4,30.0,0.9,3.65,70.0,4.09,1.63,68.0,-1.69,-3.22,30.0,0.1,-1.23,44.0
2026-06-12,50,0.82,-0.67,40.0,-2.33,-1.71,40.0,-1.68,-2.71,40.0,1.51,0.28,50.0,-0.19,-1.66,40.0,0.4,2.0,60.0,3.88,1.57,62.0,-1.26,-2.65,28.0,-1.22,-2.22,38.0
2026-06-15,50,-1.05,-1.54,20.0,-0.7,-4.68,20.0,-6.47,-8.74,20.0,-2.66,-2.34,10.0,-1.05,-2.7,30.0,-3.51,-2.16,20.0,0.63,-1.46,32.0,-1.12,-2.88,34.0,-4.72,-6.16,20.0
2026-06-16,50,0.52,-0.61,20.0,-5.43,-5.35,0.0,-2.8,-3.0,20.0,3.04,-0.82,30.0,-1.54,-4.71,10.0,0.74,-4.79,30.0,1.74,-0.12,48.0,0.31,-1.56,44.0,0.99,-3.99,38.0
2026-06-17,50,-2.62,-2.19,20.0,-5.02,-5.53,20.0,-4.61,-2.33,20.0,-0.97,-1.59,30.0,-5.02,-5.96,20.0,-6.16,-5.78,20.0,-0.47,-1.59,34.0,1.33,-0.95,44.0,-1.57,-5.71,34.0
2026-06-18,50,-5.59,-5.22,0.0,0.37,1.01,60.0,-7.91,-7.48,0.0,-6.83,-6.77,0.0,-3.76,-3.26,30.0,-11.88,-12.93,0.0,-3.46,-5.16,12.0,1.82,1.23,56.0,-10.42,-11.63,8.0
2026-06-22,50,2.48,-2.4,20.0,0.05,-0.6,40.0,-9.57,-9.61,0.0,-0.94,-2.15,10.0,2.12,2.35,60.0,-10.53,-11.45,0.0,-4.75,-5.41,14.0,-0.26,0.0,48.0,-13.43,-13.94,2.0
2026-06-23,50,-2.09,-2.74,20.0,-2.36,-5.26,40.0,-10.27,-9.89,0.0,-2.26,-2.03,30.0,-3.13,-4.76,40.0,-10.26,-9.96,0.0,0.06,-1.48,36.0,-0.35,-2.21,44.0,-9.15,-9.96,10.0
2026-06-24,50,-2.67,-2.0,20.0,-3.36,-4.01,40.0,-8.13,-9.57,0.0,-2.25,-2.08,20.0,-0.87,-1.94,50.0,-6.56,-8.98,10.0,-0.45,-1.95,34.0,-0.21,-1.73,44.0,-7.81,-8.98,12.0
2026-06-25,50,-2.04,-1.79,0.0,-3.08,-2.95,0.0,-9.9,-10.3,0.0,-1.58,-1.79,10.0,-3.26,-2.6,20.0,-7.17,-9.94,20.0,0.17,-0.9,42.0,-2.16,-2.92,32.0,-9.03,-9.48,10.0
2026-06-26,50,3.5,2.62,100.0,-1.71,-1.17,40.0,-12.46,-12.0,0.0,2.46,1.88,90.0,-2.66,-2.59,20.0,-12.03,-11.87,0.0,3.72,3.74,84.0,-0.73,-0.92,44.0,-8.74,-9.39,14.0
2026-06-29,50,3.88,2.76,80.0,-5.59,-4.43,0.0,-12.37,-15.53,20.0,3.63,1.52,70.0,-3.42,-4.35,20.0,-8.45,-9.75,20.0,4.55,3.68,80.0,-1.69,-3.9,38.0,-8.78,-10.86,18.0
2026-06-30,50,-4.31,-4.06,0.0,-6.13,-6.47,20.0,-13.95,-12.24,0.0,-0.66,-2.68,40.0,-3.94,-5.98,30.0,-11.49,-10.91,10.0,-1.38,-2.27,32.0,-4.99,-6.9,26.0,-13.53,-14.53,10.0
2026-07-01,50,1.12,1.93,60.0,-3.91,-6.38,40.0,-20.74,-23.09,0.0,-1.43,-0.47,40.0,-5.46,-6.92,20.0,-19.51,-21.28,0.0,-1.47,-1.98,34.0,-2.83,-5.67,26.0,-16.94,-18.36,6.0
2026-07-02,50,-6.39,-6.22,0.0,-10.75,-12.73,0.0,-28.92,-30.12,0.0,-4.63,-5.88,10.0,-8.11,-10.27,10.0,-23.44,-27.12,0.0,-2.0,-3.54,28.0,-3.97,-6.9,22.0,-18.87,-19.42,4.0
2026-07-03,50,-2.87,-3.01,20.0,-9.83,-10.9,0.0,-15.7,-14.66,0.0,-3.78,-3.77,10.0,-12.09,-12.36,0.0,-16.32,-15.86,0.0,-4.06,-4.42,12.0,-11.21,-12.74,4.0,-14.78,-17.09,6.0
2026-07-06,50,-7.25,-6.84,0.0,-14.87,-15.42,0.0,-21.76,-23.18,0.0,-7.28,-8.16,10.0,-15.98,-17.58,0.0,-19.66,-22.95,0.0,-4.74,-6.56,14.0,-11.91,-13.99,4.0,-12.81,-14.24,8.0
2026-07-07,50,-5.78,-7.05,20.0,-9.92,-12.56,20.0,-12.32,-14.04,20.0,-6.44,-6.96,10.0,-9.69,-12.34,10.0,-8.46,-12.77,20.0,-3.85,-5.95,18.0,-6.94,-9.12,10.0,-10.34,-12.97,12.0
2026-07-08,50,-6.3,-8.15,0.0,-12.02,-12.25,0.0,-12.28,-10.0,0.0,-3.77,-2.76,20.0,-7.3,-9.5,20.0,-9.05,-7.58,10.0,-2.77,-3.86,18.0,-7.03,-9.7,12.0,-8.71,-9.14,14.0
2026-07-09,50,4.7,1.94,60.0,8.39,-6.59,40.0,2.08,-1.75,20.0,1.18,-0.89,50.0,1.64,-6.36,30.0,0.35,-1.69,20.0,-3.04,-2.88,24.0,-5.57,-7.21,14.0,-6.67,-7.65,14.0
2026-07-10,0,,,,,,,,,,,,,,,,,,,,,,,,,,,
2026-07-13,50,-4.01,-6.17,20.0,-5.87,-4.94,20.0,-4.5,-4.84,20.0,-6.42,-9.09,10.0,-6.73,-7.84,20.0,-4.01,-1.08,40.0,-7.65,-8.59,8.0,-5.06,-6.41,22.0,-2.23,-2.67,32.0
2026-07-14,50,-1.09,-2.48,40.0,-8.33,-9.11,0.0,0.88,0.33,60.0,-2.92,-3.57,20.0,-8.02,-7.86,0.0,3.45,1.06,60.0,-2.53,-2.92,26.0,-7.75,-7.42,12.0,-1.23,-2.17,44.0
2026-07-15,50,-2.98,-3.74,40.0,-12.93,-16.43,0.0,-2.66,-2.31,20.0,-2.57,-2.06,40.0,-11.55,-11.15,0.0,-0.32,-0.3,50.0,-3.74,-4.11,24.0,-13.36,-12.81,8.0,-3.27,-3.96,34.0
2026-07-16,50,-2.21,-1.27,20.0,-13.79,-13.19,0.0,-4.14,-6.46,20.0,-4.24,-4.65,10.0,-16.06,-15.14,0.0,-2.27,-5.0,30.0,-2.55,-3.17,32.0,-15.12,-14.59,4.0,0.28,-2.21,42.0
2026-07-17,50,0.25,3.33,60.0,-4.29,-2.69,20.0,0.89,-4.79,40.0,0.44,2.22,60.0,-4.67,-5.67,30.0,-0.98,-2.58,40.0,0.7,0.21,50.0,-5.31,-5.31,26.0,1.41,-0.46,46.0
2026-07-20,50,-4.29,-5.72,20.0,-4.99,-4.74,40.0,-3.85,4.19,60.0,-3.76,-5.78,20.0,-5.8,-9.19,30.0,-5.95,-7.15,40.0,0.78,-1.07,46.0,-2.62,-4.15,36.0,3.49,2.83,58.0
2026-07-21,50,-6.25,-7.27,20.0,-1.62,-8.95,20.0,-7.84,-4.7,0.0,-6.84,-7.67,20.0,-2.26,-4.53,20.0,-2.28,-3.44,20.0,-5.59,-5.25,22.0,-1.37,-3.08,36.0,-0.72,-2.85,40.0
2026-07-22,50,-11.93,-10.59,0.0,-4.24,-2.76,20.0,-8.09,-0.92,20.0,-10.58,-10.84,10.0,-2.12,-3.33,30.0,2.15,2.71,50.0,-8.28,-8.06,8.0,-0.22,-1.0,42.0,-1.12,-1.03,44.0
2026-07-23,50,-7.03,-8.59,20.0,-0.59,0.98,60.0,-2.58,-2.07,40.0,-7.51,-7.71,20.0,0.22,2.44,70.0,-3.79,-10.07,30.0,-10.76,-10.95,8.0,1.07,0.95,54.0,0.61,-0.8,46.0
2026-07-24,50,0.57,-0.96,40.0,3.62,0.44,60.0,7.38,3.08,60.0,-2.46,-2.76,30.0,1.89,0.07,50.0,6.74,4.42,70.0,-5.37,-4.98,18.0,1.78,0.46,52.0,2.6,0.83,54.0
2026-07-27,50,0.56,2.06,60.0,5.28,1.92,80.0,6.49,0.99,80.0,-0.03,-0.93,40.0,5.26,4.08,70.0,4.18,0.84,60.0,-2.11,-2.22,28.0,4.14,2.16,66.0,1.61,0.17,50.0
2026-07-28,50,8.47,7.72,100.0,6.44,2.04,80.0,7.23,3.63,60.0,7.32,6.31,90.0,5.25,3.04,70.0,2.19,-0.81,50.0,4.19,3.62,76.0,6.96,5.37,72.0,5.14,3.17,62.0
2026-07-29,50,4.25,6.25,60.0,3.82,-1.04,40.0,5.17,0.32,60.0,6.9,8.42,80.0,7.83,4.08,50.0,5.48,-2.22,50.0,7.66,7.83,84.0,8.37,6.07,74.0,7.56,5.11,66.0
2026-07-30,50,7.63,10.6,80.0,7.24,6.04,60.0,8.46,-0.32,40.0,9.76,11.68,90.0,11.92,7.55,80.0,10.14,6.38,60.0,11.69,10.79,94.0,13.53,9.84,86.0,12.82,7.5,74.0
2026-07-31,50,-1.09,0.15,60.0,-0.92,-6.78,40.0,2.19,-6.7,40.0,-0.02,0.07,50.0,1.86,0.23,50.0,1.58,0.35,50.0,5.55,3.75,70.0,6.73,6.14,74.0,7.56,2.71,64.0
2026-08-03,50,-0.78,1.37,60.0,2.04,2.91,60.0,4.65,3.35,60.0,3.15,2.58,60.0,1.91,1.18,50.0,2.76,-0.64,50.0,5.37,3.88,80.0,4.33,3.61,66.0,4.53,1.05,56.0
2026-08-04,50,-1.9,-4.67,20.0,-0.23,-5.43,40.0,-0.55,-8.8,40.0,2.24,-0.91,40.0,3.48,0.07,50.0,4.07,-0.33,50.0,2.6,2.75,66.0,1.07,0.71,54.0,3.82,2.98,60.0
2026-08-05,50,1.94,-2.62,20.0,-0.39,-5.79,40.0,-1.51,-10.44,40.0,-0.63,-3.11,30.0,-3.69,-8.18,30.0,-3.1,-9.01,40.0,1.21,1.02,56.0,-1.45,-2.46,34.0,1.32,0.06,50.0
2026-08-06,50,3.77,7.08,60.0,2.9,5.36,60.0,0.21,1.11,60.0,2.8,0.47,50.0,2.15,-2.15,40.0,-1.69,-3.84,40.0,1.96,1.12,54.0,-0.97,-1.42,42.0,-1.16,-2.17,38.0
2026-08-07,50,2.07,-1.58,40.0,0.94,-2.68,40.0,-0.53,-4.14,40.0,2.96,0.81,60.0,3.24,-1.12,40.0,0.09,-1.43,50.0,2.16,1.01,60.0,0.05,-1.33,46.0,1.81,0.65,52.0
2026-08-10,50,3.6,0.89,60.0,-2.01,-1.97,20.0,-0.51,-4.31,40.0,0.72,-1.01,40.0,-2.76,-2.48,20.0,-2.67,-2.31,40.0,1.07,-0.99,48.0,-1.46,-2.37,34.0,0.84,-0.38,46.0
2026-08-11,50,0.3,-0.31,40.0,-2.45,-1.18,20.0,-3.12,-1.69,40.0,0.83,-2.1,40.0,-0.66,-2.34,30.0,-0.85,-1.33,40.0,-0.77,-1.92,36.0,-1.6,-1.5,40.0,-2.19,-2.03,40.0
2026-08-12,50,-5.09,-5.19,0.0,-4.19,-3.19,20.0,-7.63,-6.81,20.0,-4.4,-4.67,10.0,-4.27,-3.83,10.0,-4.59,-4.71,30.0,-1.71,-3.0,28.0,-1.31,-2.34,32.0,-2.2,-2.11,36.0
2026-08-13,50,0.13,-4.14,40.0,1.37,1.31,60.0,0.59,0.44,60.0,-1.28,-2.33,20.0,0.74,0.51,50.0,-0.86,-1.14,40.0,-3.05,-3.0,14.0,-0.62,-1.46,38.0,-3.24,-4.04,26.0
2026-08-14,50,-2.89,-2.91,0.0,-1.83,-0.65,20.0,0.38,1.27,60.0,-2.61,-2.63,10.0,-1.12,-0.92,20.0,-2.13,-2.18,30.0,-2.98,-3.19,20.0,-0.5,-1.48,34.0,-3.98,-5.49,22.0
2026-08-17,50,-0.79,-1.11,20.0,1.14,0.89,80.0,0.2,-0.11,40.0,-1.53,-1.52,20.0,0.15,0.21,50.0,-1.11,-2.12,40.0,-2.95,-3.2,12.0,-0.56,-1.23,40.0,-2.85,-4.22,24.0
2026-08-18,50,-1.68,-2.13,40.0,1.07,0.85,80.0,-2.84,-3.14,20.0,-1.29,-0.96,50.0,1.99,1.17,70.0,-3.4,-4.46,20.0,-0.98,-0.95,30.0,2.12,0.83,64.0,-2.22,-3.41,20.0
2026-08-19,50,0.02,0.0,40.0,-0.53,-1.28,40.0,-0.97,-2.13,20.0,2.45,0.9,60.0,2.72,0.16,50.0,-1.79,-3.56,20.0,0.71,-0.06,46.0,2.01,0.49,52.0,-0.74,-2.5,30.0
2026-08-20,50,2.32,1.71,80.0,-3.01,-3.83,20.0,-1.94,-2.12,40.0,1.09,1.08,60.0,-4.13,-3.44,10.0,-4.72,-3.84,20.0,2.28,1.61,74.0,-0.46,-1.3,40.0,-0.83,-2.06,30.0
2026-08-21,50,2.81,3.03,80.0,-0.18,0.45,60.0,2.82,1.28,60.0,2.01,2.98,80.0,-0.96,-0.21,50.0,-0.49,-1.33,40.0,2.79,1.91,74.0,1.23,0.07,50.0,0.37,-1.5,40.0
2026-08-24,50,1.09,0.86,60.0,-1.81,-2.59,20.0,0.48,2.15,60.0,1.05,0.43,50.0,-1.36,-1.11,20.0,0.03,0.25,50.0,2.47,1.48,68.0,3.03,1.32,56.0,5.46,0.81,56.0
2026-08-25,50,1.52,1.07,60.0,-1.7,-1.36,40.0,-1.01,-2.04,20.0,1.54,1.44,70.0,-1.22,-1.22,30.0,-1.51,-1.37,40.0,2.44,1.58,68.0,-0.27,-1.56,36.0,2.35,-1.82,36.0
2026-08-26,50,1.99,2.27,60.0,-0.33,0.6,60.0,-0.81,-0.3,40.0,1.68,0.26,50.0,-0.31,-0.13,50.0,2.29,-1.05,40.0,1.0,0.0,46.0,-0.95,-2.0,34.0,1.3,-2.96,34.0
2026-08-27,50,-4.76,-5.41,0.0,-5.63,-6.75,0.0,-6.12,-7.76,20.0,-1.83,-3.64,20.0,-2.29,-3.23,30.0,1.24,-1.14,40.0,-2.61,-2.88,18.0,-2.79,-3.99,20.0,-0.33,-2.73,32.0
2026-08-28,50,-0.89,-1.19,20.0,-4.25,-4.27,0.0,-6.01,-5.65,0.0,-0.22,-0.87,30.0,-3.78,-4.28,10.0,-3.65,-3.97,20.0,-0.08,-1.28,32.0,-3.38,-4.63,16.0,0.96,-2.53,36.0
2026-08-31,50,-0.9,-0.7,40.0,-3.49,-4.39,20.0,-1.67,-4.55,40.0,-0.15,-0.1,50.0,-2.69,-2.48,10.0,-1.07,-0.38,50.0,0.13,-0.33,44.0,-3.42,-3.51,20.0,2.99,-0.69,48.0
2026-09-01,50,-0.52,-1.92,20.0,-5.0,-6.47,0.0,2.59,-4.53,40.0,-1.59,-2.42,10.0,-4.11,-5.78,10.0,0.9,-2.12,40.0,-2.97,-3.06,12.0,-5.96,-6.22,6.0,1.81,-0.9,42.0
2026-09-02,50,-2.83,-2.34,40.0,-4.07,-3.11,20.0,1.49,-0.49,40.0,-2.53,-2.38,20.0,-3.12,-3.21,20.0,1.42,-0.09,50.0,-3.18,-2.85,14.0,-4.5,-4.17,14.0,0.12,-1.81,34.0
2026-09-03,50,-1.68,-0.83,20.0,2.07,1.49,60.0,5.95,1.73,60.0,-0.55,0.05,50.0,0.67,0.85,60.0,4.03,1.86,70.0,0.3,-0.56,40.0,1.56,-0.07,48.0,8.7,1.86,64.0
