rank,code,name,score,pattern,stage,close,support,breakout,vol_ratio,dist_from_60d_low_pct,breakout_pct,ma20_ext_pct,ret5_pct,ret10_pct,timing,extension_penalty,structure,washout,low_improve,contraction,volume,right_turn,position,base_validity,pressure_reclaim,higher_low_ratio,ma60_gap_pct,reason
1,2323,CMC Magnetics Corporation,94.9,W/多重底 + U/碗型 + 破底收回 + VCP/收斂,🟠 紅點準備區,12.22,11.56,13.0,0.0,17.3,-6.0,2.3,1.4,5.8,13.2,0,9.4,5.1,8.4,10.4,8.1,6.2,13.2,15.0,19.3,0.67,3.3,存在相近雙底/多重底；左降→底部鈍化→右側翻正；破底後快速收回；上攻逐層測試/收復前壓力（觸碰3、收復2）；波動與回檔幅度逐步收斂；整理量縮、攻擊波量能較佳
2,9949,Tittot Company Limited,93.8,W/多重底 + 破底收回 + VCP/收斂,🟠 紅點準備區,24.3,23.9,25.0,0.38,6.6,-2.8,0.9,1.2,1.0,13.1,0,9.0,5.2,11.6,11.8,4.6,6.2,13.1,15.0,17.3,1.0,0.6,存在相近雙底/多重底；右側低點不再破底並逐步墊高；破底後快速收回；上攻逐層測試/收復前壓力（觸碰4、收復2）；波動與回檔幅度逐步收斂
3,5434,"Topco Scientific Co.,Ltd.",93.8,W/多重底 + 破底收回 + VCP/收斂,⚪ 築底中,583.0,527.0,553.0,1.98,22.6,5.4,7.9,7.6,8.6,12.0,0.3,9.0,5.4,12.1,8.6,9.0,9.7,12.0,8.6,19.7,1.0,9.4,存在相近雙底/多重底；右側低點不再破底並逐步墊高；破底後快速收回；上攻逐層測試/收復前壓力（觸碰3、收復2）；波動與回檔幅度逐步收斂；整理量縮、攻擊波量能較佳；5/10/20MA 與價格開始右側轉強
4,3054,"LIWANLI Innovation Co., Ltd.",93.7,W/多重底 + U/碗型 + 破底收回 + VCP/收斂,🔴 突破初期,59.7,54.7,58.5,1.07,31.1,2.1,4.1,2.1,7.4,11.2,0,7.9,7.2,10.0,8.9,5.8,9.3,11.2,14.4,19.2,0.67,9.2,存在相近雙底/多重底；左降→底部鈍化→右側翻正；右側低點不再破底並逐步墊高；破底後快速收回；上攻逐層測試/收復前壓力（觸碰3、收復2）；波動與回檔幅度逐步收斂；5/10/20MA 與價格開始右側轉強
5,5426,"Cheng Fwa Industrial Co., Ltd.",93.4,W/多重底 + 破底收回 + VCP/收斂,🟠 紅點準備區,29.65,27.15,30.8,2.3,32.1,-3.7,4.5,5.5,3.5,10.0,0,8.4,5.4,12.6,9.8,10.0,6.1,10.0,14.8,16.3,1.0,7.1,存在相近雙底/多重底；右側低點不再破底並逐步墊高；破底後快速收回；上攻逐層測試/收復前壓力（觸碰2、收復1）；波動與回檔幅度逐步收斂；整理量縮、攻擊波量能較佳
6,7584,"Happytuk Co., Ltd.",93.4,W/多重底 + U/碗型 + 破底收回,🟠 紅點準備區,28.6,26.2,28.8,0.77,18.9,-0.7,3.8,2.3,3.6,12.8,0,8.3,4.5,14.8,3.8,6.5,8.4,12.8,15.0,19.4,1.0,8.5,存在相近雙底/多重底；左降→底部鈍化→右側翻正；右側低點不再破底並逐步墊高；破底後快速收回；上攻逐層測試/收復前壓力（觸碰4、收復4）；整理量縮、攻擊波量能較佳；5/10/20MA 與價格開始右側轉強
7,7703,"Rayzher Industrial Co., Ltd.",92.9,W/多重底 + 破底收回 + VCP/收斂,🟠 紅點準備區,205.0,185.5,205.5,0.36,34.0,-0.2,2.7,2.0,3.5,10.8,0,8.1,6.1,13.5,8.1,8.6,9.0,10.8,9.7,19.0,1.0,9.6,存在相近雙底/多重底；右側低點不再破底並逐步墊高；破底後快速收回；上攻逐層測試/收復前壓力（觸碰4、收復2）；波動與回檔幅度逐步收斂；整理量縮、攻擊波量能較佳；5/10/20MA 與價格開始右側轉強
8,6937,Skytech Inc.,92.4,W/多重底 + 破底收回 + VCP/收斂,🟠 紅點準備區,303.5,277.5,303.5,0.68,29.1,0.0,3.2,1.2,4.7,12.0,0,8.6,6.0,14.1,8.3,6.6,9.5,12.0,8.6,18.6,1.0,9.3,存在相近雙底/多重底；右側低點不再破底並逐步墊高；破底後快速收回；上攻逐層測試/收復前壓力（觸碰4、收復4）；波動與回檔幅度逐步收斂；整理量縮、攻擊波量能較佳；5/10/20MA 與價格開始右側轉強
9,5211,Penpower Technology LTD.,92.4,W/多重底 + 破底收回,🔴 突破初期,21.35,19.2,21.15,0.4,16.0,0.9,5.3,5.2,3.6,12.7,0,9.7,4.3,11.6,5.8,6.3,9.0,12.7,15.0,17.9,0.67,7.4,存在相近雙底/多重底；右側低點不再破底並逐步墊高；破底後快速收回；上攻逐層測試/收復前壓力（觸碰4、收復2）；整理量縮、攻擊波量能較佳；5/10/20MA 與價格開始右側轉強
10,6862,"Trio Technology International Group Co., Ltd.",92.1,W/多重底 + 破底收回 + VCP/收斂,🟠 紅點準備區,142.0,130.0,149.0,1.48,21.4,-4.7,3.8,1.8,8.0,12.8,0,8.0,6.0,10.2,8.7,9.3,7.2,12.8,14.9,15.0,0.67,-0.3,存在相近雙底/多重底；右側低點不再破底並逐步墊高；破底後快速收回；上攻逐層測試/收復前壓力（觸碰2、收復1）；波動與回檔幅度逐步收斂；整理量縮、攻擊波量能較佳；5/10/20MA 與價格開始右側轉強
11,3308,"Bestec Power Electronics Co., Ltd.",92.0,W/多重底 + U/碗型 + 破底收回 + VCP/收斂,🟠 紅點準備區,22.9,21.5,22.95,1.89,23.5,-0.2,4.5,5.8,4.3,13.0,0,9.4,4.3,11.8,7.3,10.0,9.0,13.0,10.6,16.5,1.0,9.4,存在相近雙底/多重底；左降→底部鈍化→右側翻正；右側低點不再破底並逐步墊高；破底後快速收回；上攻逐層測試/收復前壓力（觸碰3、收復2）；波動與回檔幅度逐步收斂；整理量縮、攻擊波量能較佳；5/10/20MA 與價格開始右側轉強
12,6983,"HUA YANG Precision Machinery Co., Ltd.",91.7,W/多重底 + U/碗型 + 破底收回,🟠 紅點準備區,355.0,344.0,358.0,0.38,23.7,-0.8,1.4,2.0,1.0,12.4,0,8.1,6.5,12.0,6.8,5.7,6.4,12.4,15.0,18.8,1.0,7.9,存在相近雙底/多重底；左降→底部鈍化→右側翻正；右側低點不再破底並逐步墊高；破底後快速收回；上攻逐層測試/收復前壓力（觸碰3、收復1）；5/10/20MA 與價格開始右側轉強
13,3296,"Powertech Industrial Co., Ltd.",91.6,W/多重底 + 破底收回,🟠 紅點準備區,28.5,23.65,28.5,0.78,31.6,0.0,7.9,1.2,9.4,11.0,0,8.0,4.9,13.6,5.3,6.3,9.5,11.0,13.4,19.5,1.0,13.5,存在相近雙底/多重底；右側低點不再破底並逐步墊高；破底後快速收回；上攻逐層測試/收復前壓力（觸碰3、收復2）；整理量縮、攻擊波量能較佳；5/10/20MA 與價格開始右側轉強
14,3479,Avalue Technology Incorporation,91.1,W/多重底 + 破底收回 + VCP/收斂,🟠 紅點準備區,136.0,122.0,143.0,0.68,11.5,-4.9,4.0,4.2,5.4,13.2,0,10.0,4.9,12.0,7.6,10.0,7.6,13.2,8.6,17.4,1.0,0.8,存在相近雙底/多重底；右側低點不再破底並逐步墊高；破底後快速收回；上攻逐層測試/收復前壓力（觸碰4、收復3）；波動與回檔幅度逐步收斂；整理量縮、攻擊波量能較佳；5/10/20MA 與價格開始右側轉強
15,6751,Acer Synergy Tech Corp.,90.7,W/多重底,🔴 突破初期,44.5,41.0,43.8,0.67,13.7,1.6,4.4,1.6,6.0,13.0,0,6.7,3.5,10.9,5.7,8.2,9.1,13.0,14.6,19.1,1.0,6.6,存在相近雙底/多重底；右側低點不再破底並逐步墊高；上攻逐層測試/收復前壓力（觸碰4、收復4）；整理量縮、攻擊波量能較佳；5/10/20MA 與價格開始右側轉強
16,8047,Great Computer Corp.,90.7,W/多重底 + 破底收回,⚪ 築底中,51.6,42.1,49.15,2.12,23.7,5.0,10.6,12.8,10.5,10.8,0,9.4,8.0,10.2,3.2,5.4,8.8,10.8,15.0,20.0,0.67,13.9,存在相近雙底/多重底；右側低點不再破底並逐步墊高；破底後快速收回；上攻逐層測試/收復前壓力（觸碰3、收復3）；5/10/20MA 與價格開始右側轉強
17,5222,"Transcom, Inc.",90.5,W/多重底 + 破底收回 + VCP/收斂,🟠 紅點準備區,107.5,101.0,111.82,1.42,13.7,-3.9,2.8,1.4,4.4,13.2,0,8.9,5.1,10.0,9.8,7.0,6.0,13.2,10.5,20.0,0.67,1.8,存在相近雙底/多重底；右側低點不再破底並逐步墊高；破底後快速收回；上攻逐層測試/收復前壓力（觸碰3、收復3）；波動與回檔幅度逐步收斂；整理量縮、攻擊波量能較佳
18,6246,Taiwan Thick-Film Ind. Corp,90.5,W/多重底 + 破底收回 + VCP/收斂,🟡 築底末端,12.65,12.6,13.35,0.8,9.1,-5.2,-1.4,-2.7,-0.4,12.5,0,7.7,6.4,13.1,10.3,7.1,5.4,12.5,11.7,16.3,1.0,-2.2,存在相近雙底/多重底；右側低點不再破底並逐步墊高；破底後快速收回；上攻逐層測試/收復前壓力（觸碰4、收復3）；波動與回檔幅度逐步收斂；整理量縮、攻擊波量能較佳
19,2476,"G-SHANK Enterprise Co., Ltd.",90.4,W/多重底 + 破底收回 + VCP/收斂,🟠 紅點準備區,126.0,117.0,128.0,1.16,19.4,-1.6,3.7,3.3,7.2,13.1,0,9.3,4.7,14.7,9.3,6.0,6.9,13.1,8.6,17.8,1.0,3.8,存在相近雙底/多重底；右側低點不再破底並逐步墊高；破底後快速收回；上攻逐層測試/收復前壓力（觸碰4、收復2）；波動與回檔幅度逐步收斂；5/10/20MA 與價格開始右側轉強
20,2330,Taiwan Semiconductor Manufacturing Company Limited,90.3,W/多重底 + 破底收回 + VCP/收斂,🟠 紅點準備區,2500.0,2380.0,2500.0,0.78,13.6,0.0,2.1,0.0,5.0,13.7,0,7.9,6.0,11.4,8.4,6.0,8.3,13.7,8.6,20.0,1.0,4.0,存在相近雙底/多重底；右側低點不再破底並逐步墊高；破底後快速收回；上攻逐層測試/收復前壓力（觸碰4、收復4）；波動與回檔幅度逐步收斂；5/10/20MA 與價格開始右側轉強
21,3005,Getac Holdings Corporation,90.3,W/多重底 + 破底收回 + VCP/收斂,🟠 紅點準備區,117.5,112.5,121.5,0.39,9.8,-3.3,1.2,0.0,2.2,12.6,0,7.0,4.3,12.7,9.0,6.9,5.9,12.6,15.0,16.8,1.0,2.1,存在相近雙底/多重底；右側低點不再破底並逐步墊高；破底後快速收回；上攻逐層測試/收復前壓力（觸碰4、收復2）；波動與回檔幅度逐步收斂；整理量縮、攻擊波量能較佳
22,3306,RoyalTek Company Ltd.,90.3,W/多重底 + 破底收回,🔴 突破初期,47.05,44.5,45.9,0.41,11.2,2.5,3.3,2.5,4.6,13.4,0,9.1,4.0,12.0,5.9,9.1,9.5,13.4,7.4,20.0,1.0,4.7,存在相近雙底/多重底；右側低點不再破底並逐步墊高；破底後快速收回；上攻逐層測試/收復前壓力（觸碰4、收復4）；整理量縮、攻擊波量能較佳；5/10/20MA 與價格開始右側轉強
23,3465,"New Advanced Electronics Technologies Co., Ltd.",90.2,W/多重底,🟠 紅點準備區,30.05,29.0,30.5,1.84,3.6,-1.5,2.4,1.5,3.1,12.2,0,9.4,3.6,10.8,6.0,7.0,6.8,12.2,15.0,19.3,1.0,0.3,存在相近雙底/多重底；右側低點不再破底並逐步墊高；上攻逐層測試/收復前壓力（觸碰4、收復2）；整理量縮、攻擊波量能較佳；5/10/20MA 與價格開始右側轉強
24,6789,VisEra Technologies Company Ltd.,90.2,W/多重底 + 破底收回,🔴 突破初期,490.5,425.0,490.0,1.0,27.4,0.1,6.0,4.8,13.0,11.8,0,8.8,5.2,13.3,7.1,8.7,9.8,11.8,8.6,16.9,1.0,6.8,存在相近雙底/多重底；右側低點不再破底並逐步墊高；破底後快速收回；上攻逐層測試/收復前壓力（觸碰3、收復1）；整理量縮、攻擊波量能較佳；5/10/20MA 與價格開始右側轉強
25,2460,"GEM Terminal Industry Co.,Ltd.",90.1,W/多重底 + 破底收回,🟠 紅點準備區,30.8,28.1,31.8,0.8,9.6,-3.1,3.6,0.0,6.4,13.4,0,9.0,5.2,11.8,6.0,8.6,7.9,13.4,8.6,19.7,0.67,1.9,存在相近雙底/多重底；右側低點不再破底並逐步墊高；破底後快速收回；上攻逐層測試/收復前壓力（觸碰3、收復2）；整理量縮、攻擊波量能較佳；5/10/20MA 與價格開始右側轉強
26,6235,Waffer Technology Corporation,90.0,W/多重底 + 破底收回 + VCP/收斂,🟠 紅點準備區,39.35,37.55,39.9,1.22,12.9,-1.4,1.9,-1.4,4.7,12.7,0,8.6,4.3,9.0,7.9,8.1,5.9,12.7,15.0,18.3,0.67,1.0,存在相近雙底/多重底；破底後快速收回；上攻逐層測試/收復前壓力（觸碰3、收復2）；波動與回檔幅度逐步收斂；整理量縮、攻擊波量能較佳
27,3338,"TaiSol Electronics Co., Ltd.",90.0,W/多重底 + 破底收回 + VCP/收斂,🔴 突破初期,69.0,63.1,68.2,1.29,25.9,1.2,3.3,3.0,6.0,12.4,0,8.3,5.7,10.4,9.7,6.3,8.9,12.4,8.6,19.8,0.67,6.5,存在相近雙底/多重底；右側低點不再破底並逐步墊高；破底後快速收回；上攻逐層測試/收復前壓力（觸碰4、收復2）；波動與回檔幅度逐步收斂；整理量縮、攻擊波量能較佳；5/10/20MA 與價格開始右側轉強
28,4961,Fitipower Integrated Technology Inc.,89.9,W/多重底 + 破底收回,🟠 紅點準備區,183.5,165.5,183.5,1.02,28.3,0.0,3.3,2.8,1.4,11.9,0,8.5,6.4,14.2,6.2,6.5,9.2,11.9,7.1,20.0,1.0,9.1,存在相近雙底/多重底；右側低點不再破底並逐步墊高；破底後快速收回；上攻逐層測試/收復前壓力（觸碰3、收復3）；整理量縮、攻擊波量能較佳；5/10/20MA 與價格開始右側轉強
29,3481,Innolux Corporation,89.7,W/多重底 + 破底收回 + VCP/收斂,🔴 突破初期,52.8,46.8,52.3,0.95,27.5,1.0,6.5,6.5,8.4,11.7,0,8.9,6.7,11.3,7.4,7.9,9.3,11.7,8.6,17.9,0.67,5.7,存在相近雙底/多重底；右側低點不再破底並逐步墊高；破底後快速收回；上攻逐層測試/收復前壓力（觸碰4、收復2）；波動與回檔幅度逐步收斂；整理量縮、攻擊波量能較佳；5/10/20MA 與價格開始右側轉強
30,6568,"Rafael Microelectronics, Inc.",89.6,W/多重底 + 破底收回,🟠 紅點準備區,141.0,131.5,145.0,0.65,17.5,-2.8,2.1,0.7,4.1,13.5,0,7.7,5.8,15.0,7.1,5.8,8.7,13.5,8.6,17.5,1.0,2.5,存在相近雙底/多重底；右側低點不再破底並逐步墊高；破底後快速收回；上攻逐層測試/收復前壓力（觸碰3、收復2）；5/10/20MA 與價格開始右側轉強
